NewEthpop_ETH,DC1117EW_C_SEX,DC1117EW_C_AGE,Rate
WBI,1,1,8.219715813253545
WHO,1,1,7.976491009863319
MIX,1,1,10.460582029593507
IND,1,1,13.80468364073242
PAK,1,1,14.046867420310843
BAN,1,1,17.21820071964252
CHI,1,1,29.531930057107164
OAS,1,1,20.340980668391595
BLA,1,1,10.921006041078822
BLC,1,1,0.6537629538138285
OBL,1,1,11.992511030093947
OTH,1,1,24.48367246604271
WBI,1,2,7.9490912631366
WHO,1,2,9.560262996191673
MIX,1,2,8.50903715103052
IND,1,2,14.958138024212868
PAK,1,2,13.545177224925553
BAN,1,2,17.108976501307897
CHI,1,2,30.873101854332372
OAS,1,2,21.801953485879373
BLA,1,2,10.956359209727742
BLC,1,2,0.28607334348414026
OBL,1,2,10.10363578500165
OTH,1,2,24.92685712320453
WBI,1,3,7.665391453943377
WHO,1,3,9.896097277880115
MIX,1,3,7.978406493677043
IND,1,3,14.288718072269488
PAK,1,3,13.216963237539531
BAN,1,3,16.78413543107212
CHI,1,3,32.93466212932695
OAS,1,3,22.247719882094476
BLA,1,3,10.89443911340155
BLC,1,3,0.23027446717136765
OBL,1,3,9.09221869040394
OTH,1,3,24.58119557673265
WBI,1,4,5.839977020418739
WHO,1,4,8.289922459121707
MIX,1,4,5.708016842034279
IND,1,4,11.423154286941307
PAK,1,4,10.315171823560522
BAN,1,4,12.301070487913087
CHI,1,4,25.848454683319673
OAS,1,4,16.81782296162214
BLA,1,4,7.973659425095208
BLC,1,4,0.3139727816405266
OBL,1,4,6.1307141505797675
OTH,1,4,17.94425236694812
WBI,1,5,5.240888637200932
WHO,1,5,8.297917521996373
MIX,1,5,5.207409311413269
IND,1,5,10.393831582780539
PAK,1,5,9.628012825863975
BAN,1,5,11.311598175268236
CHI,1,5,25.543642911223035
OAS,1,5,15.367510227967248
BLA,1,5,7.51061203360414
BLC,1,5,0.2848241149099737
OBL,1,5,5.848221929008238
OTH,1,5,16.249090832756586
WBI,1,6,4.537906077564943
WHO,1,6,7.709988914041124
MIX,1,6,4.793248398124586
IND,1,6,9.34522911762514
PAK,1,6,8.212595210380798
BAN,1,6,9.396239284403608
CHI,1,6,24.90482905934673
OAS,1,6,13.165536661236338
BLA,1,6,6.459552752252876
BLC,1,6,0.2057063052127588
OBL,1,6,4.888606179285966
OTH,1,6,13.563957294490525
WBI,1,7,3.7643421034885423
WHO,1,7,6.898698237024892
MIX,1,7,4.139110675738507
IND,1,7,7.85918844674908
PAK,1,7,6.8799598084123925
BAN,1,7,7.7571681131921455
CHI,1,7,21.628435636927644
OAS,1,7,11.108140481488975
BLA,1,7,5.643598288559758
BLC,1,7,0.251511352932199
OBL,1,7,4.005859627827409
OTH,1,7,12.25776389734198
WBI,1,8,3.335440293024692
WHO,1,8,6.320805098615446
MIX,1,8,3.880936770410753
IND,1,8,7.297618561708744
PAK,1,8,6.40687694737552
BAN,1,8,6.954705318100023
CHI,1,8,21.063701039499417
OAS,1,8,10.294851038754079
BLA,1,8,5.470288644370383
BLC,1,8,0.24901289578386593
OBL,1,8,3.6602397223079954
OTH,1,8,11.203331698840467
WBI,1,9,3.4228862932163513
WHO,1,9,6.832197635926758
MIX,1,9,4.05582877079407
IND,1,9,7.6539818329659886
PAK,1,9,6.4433960626936555
BAN,1,9,7.130138650865482
CHI,1,9,21.002946889842452
OAS,1,9,11.143035599660694
BLA,1,9,5.756445269759469
BLC,1,9,0.3193861054619149
OBL,1,9,3.7643421034885423
OTH,1,9,12.468675321613766
WBI,1,10,3.210517435608037
WHO,1,10,6.612749816398169
MIX,1,10,4.01002372307463
IND,1,10,7.343756737047963
PAK,1,10,6.24993219750773
BAN,1,10,7.1423810908923135
CHI,1,10,20.39528047041537
OAS,1,10,10.919048916312631
BLA,1,10,5.596835498933458
BLC,1,10,0.2531769910310877
OBL,1,10,3.647747436566329
OTH,1,10,11.409079645005697
WBI,1,11,3.439542674205238
WHO,1,11,7.713195267381484
MIX,1,11,4.494183077469114
IND,1,11,8.386904237429505
PAK,1,11,7.37565370664168
BAN,1,11,8.308452682971843
CHI,1,11,20.143186144148558
OAS,1,11,12.478460945444738
BLA,1,11,6.360822053941247
BLC,1,11,0.24151752433886664
OBL,1,11,4.5369483356580815
OTH,1,11,13.724191679603623
WBI,1,12,2.5859031485247614
WHO,1,12,5.863754004280376
MIX,1,12,3.4187221979691285
IND,1,12,6.372939571110661
PAK,1,12,5.661920307647533
BAN,1,12,6.350037047250941
CHI,1,12,15.922459201564504
OAS,1,12,8.679515210451783
BLA,1,12,4.705760756980454
BLC,1,12,0.21361808618248027
OBL,1,12,3.439542674205238
OTH,1,12,10.141820538418678
WBI,1,13,2.4942930530858813
WHO,1,13,6.141665721079962
MIX,1,13,3.5561373411274504
IND,1,13,6.237731398433369
PAK,1,13,5.8465979318618215
BAN,1,13,6.433652079815156
CHI,1,13,14.644540011144594
OAS,1,13,9.527200079928733
BLA,1,13,5.092688487352307
BLC,1,13,0.27233182916830817
OBL,1,13,3.651911531813552
OTH,1,13,11.071746289028258
WBI,1,14,2.2652678144886798
WHO,1,14,5.49556470252102
MIX,1,14,3.064774101955273
IND,1,14,5.725006350642944
PAK,1,14,5.413365462340862
BAN,1,14,5.6122010103957045
CHI,1,14,12.187765456236184
OAS,1,14,7.828582346682
BLA,1,14,4.279898736047077
BLC,1,14,0.19029915279803797
OBL,1,14,3.031461339977498
OTH,1,14,9.649666121149528
WBI,1,15,2.5067853388275463
WHO,1,15,6.287284131875308
MIX,1,15,3.551973245880228
IND,1,15,6.364486457758801
PAK,1,15,6.220325480299982
BAN,1,15,6.54766500768409
CHI,1,15,12.265134345929566
OAS,1,15,8.644245323707814
BLA,1,15,4.822105578187833
BLC,1,15,0.242350343388311
OBL,1,15,3.3687530550024674
OTH,1,15,10.395955271356625
WBI,1,16,2.993984482752502
WHO,1,16,0.7953421922193709
MIX,1,16,1.2867054313915478
IND,1,16,1.3283463838637664
PAK,1,16,0.7245525730165997
BAN,1,16,0.5829733346110575
CHI,1,16,3.6352551508246647
OAS,1,16,0.5496605726332826
BLA,1,16,0.4068321056535736
BLC,1,16,0.09535778116138009
OBL,1,16,0.026275441009969796
OTH,1,16,1.4241205745498686
WBI,1,17,3.173040578383041
WHO,1,17,1.211751716941555
MIX,1,17,1.6989508608665098
IND,1,17,1.3283463838637664
PAK,1,17,0.7703576207360402
BAN,1,17,0.7037320967804905
CHI,1,17,4.139110675738507
OAS,1,17,0.5996297155999446
BLA,1,17,0.5621528583749482
BLC,1,17,0.11950953359526675
OBL,1,17,0.0516347810655508
OTH,1,17,1.9779452424303727
WBI,1,18,3.7018806747802135
WHO,1,18,1.3783155268304286
MIX,1,18,2.011258004408148
IND,1,18,1.5282229557304148
PAK,1,18,0.9285932401304697
BAN,1,18,0.8578036209276988
CHI,1,18,4.134946580491286
OAS,1,18,0.6662552395554939
BLA,1,18,0.6537629538138285
BLC,1,18,0.14282846697970905
OBL,1,18,0.06246142870832756
OTH,1,18,2.2402832430053485
WBI,1,19,37.37612776096626
WHO,1,19,12.87384178916845
MIX,1,19,22.08357124744899
IND,1,19,13.757671005391288
PAK,1,19,9.36350949576044
BAN,1,19,8.686302685704753
CHI,1,19,34.73867311328088
OAS,1,19,6.822078884476008
BLA,1,19,6.6414404326515255
BLC,1,19,1.5240588604831928
OBL,1,19,0.6412706680721629
OTH,1,19,21.608822748313223
WBI,1,20,199.0892247373035
WHO,1,20,58.839873430866255
MIX,1,20,126.76226321021043
IND,1,20,68.80692689175905
PAK,1,20,49.76068835858614
BAN,1,20,46.11081723344372
CHI,1,20,171.56651227793336
OAS,1,20,36.576746396357066
BLA,1,20,37.904801293553525
BLC,1,20,8.357838852603896
OBL,1,20,3.685224293791327
OTH,1,20,114.22367272939582
WBI,1,21,100.27795118264
WHO,1,21,55.631188197167
MIX,1,21,52.65456799159542
IND,1,21,41.349632368722745
PAK,1,21,20.274480067293464
BAN,1,21,30.037617783929786
CHI,1,21,191.45294030913823
OAS,1,21,49.5289980990307
BLA,1,21,41.38752563547246
BLC,1,21,18.07267306437244
OBL,1,21,17.613748127176123
OTH,1,21,90.32572190082733
WBI,1,22,43.4632438343076
WHO,1,22,20.663656409098817
MIX,1,22,23.52984480871408
IND,1,22,16.500852031403614
PAK,1,22,8.501958189110242
BAN,1,22,12.753832564143517
CHI,1,22,63.59464558890651
OAS,1,22,20.716748623500898
BLA,1,22,16.939456183793496
BLC,1,22,7.673095030150736
OBL,1,22,7.701077750212066
OTH,1,22,35.46472476058648
WBI,1,23,47.70595719979699
WHO,1,23,19.96808593900288
MIX,1,23,26.699387547089454
IND,1,23,16.16056216780065
PAK,1,23,9.263196441254868
BAN,1,23,14.570877166221239
CHI,1,23,61.864047604161115
OAS,1,23,23.42420171229206
BLA,1,23,19.382364301528657
BLC,1,23,8.711703666712808
OBL,1,23,8.584032506432987
OTH,1,23,40.31364711216642
WBI,1,24,44.81940637442281
WHO,1,24,16.71680201092454
MIX,1,24,26.109710019130368
IND,1,24,13.952842149628573
PAK,1,24,8.326233369677482
BAN,1,24,13.311446558698995
CHI,1,24,65.55934900845072
OAS,1,24,21.949154252868674
BLA,1,24,19.291212256566972
BLC,1,24,8.15954463693119
OBL,1,24,7.83511997622014
OTH,1,24,39.91147879318973
WBI,1,25,35.73355874974712
WHO,1,25,11.2720809113721
MIX,1,25,21.958690030984805
IND,1,25,10.46649504484456
PAK,1,25,6.33933532246558
BAN,1,25,10.530164061174583
CHI,1,25,65.00306752437436
OAS,1,25,17.093694271750586
BLA,1,25,14.613226014885486
BLC,1,25,6.672920992720523
OBL,1,25,6.698155409918687
OTH,1,25,30.995068204123505
WBI,1,26,29.562452875269297
WHO,1,26,15.757727593584407
MIX,1,26,25.653033693367547
IND,1,26,18.76262200588463
PAK,1,26,18.217333733260933
BAN,1,26,17.277872204535214
CHI,1,26,66.2725336014424
OAS,1,26,35.86855871766205
BLA,1,26,50.040598841104384
BLC,1,26,8.940187572927869
OBL,1,26,10.945740766847322
OTH,1,26,24.379611725814637
WBI,1,27,23.73417696249525
WHO,1,27,11.410328873579864
MIX,1,27,21.657167894133472
IND,1,27,14.69954770936039
PAK,1,27,15.114083391221328
BAN,1,27,13.284629785306885
CHI,1,27,57.072256639373066
OAS,1,27,27.970394339398972
BLA,1,27,39.9554516390004
BLC,1,27,7.751588225560867
OBL,1,27,9.035628635994193
OTH,1,27,18.664932331384808
WBI,1,28,24.215879500693877
WHO,1,28,10.457583881015507
MIX,1,28,22.68499152400524
IND,1,28,15.276649669672867
PAK,1,28,15.208233584761013
BAN,1,28,13.42587589609265
CHI,1,28,59.358969544384934
OAS,1,28,29.02695022647657
BLA,1,28,38.54919503306111
BLC,1,28,7.430286636285231
OBL,1,28,9.926453532232362
OTH,1,28,18.72656094104369
WBI,1,29,19.914952083648327
WHO,1,29,8.179615576022801
MIX,1,29,18.958834173933727
IND,1,29,12.15678458759685
PAK,1,29,11.929799755670789
BAN,1,29,10.821692369432585
CHI,1,29,48.782708948823604
OAS,1,29,23.373899441705625
BLA,1,29,30.24832100343921
BLC,1,29,5.933919009196064
OBL,1,29,8.015050531852594
OTH,1,29,15.281563302064589
WBI,1,30,19.853448396846858
WHO,1,30,8.088921581538308
MIX,1,30,19.88980094835511
IND,1,30,11.935046515682286
PAK,1,30,12.209960083903873
BAN,1,30,11.383387177330338
CHI,1,30,50.141911278469294
OAS,1,30,23.954790728693073
BLA,1,30,30.97270701264591
BLC,1,30,5.927131533943093
OBL,1,30,8.594026335026319
OTH,1,30,15.258993905824646
WBI,1,31,17.233691153962187
WHO,1,31,9.370879944348024
MIX,1,31,12.030154451128837
IND,1,31,18.462224174750048
PAK,1,31,19.096624085664292
BAN,1,31,19.7612136871209
CHI,1,31,47.0890048479686
OAS,1,31,30.454943409606354
BLA,1,31,32.12732734279559
BLC,1,31,4.2202272511543875
OBL,1,31,1.33667457435821
OTH,1,31,42.065856751244894
WBI,1,32,15.606362731347893
WHO,1,32,8.890551557580984
MIX,1,32,11.432856628867334
IND,1,32,16.544408467689554
PAK,1,32,17.421700054374256
BAN,1,32,18.037611382390836
CHI,1,32,42.21043413822844
OAS,1,32,26.584083749693878
BLA,1,32,28.90998079098211
BLC,1,32,3.710208865274657
OBL,1,32,1.4657615270220872
OTH,1,32,39.12488120098952
WBI,1,33,13.896835068553441
WHO,1,33,7.874345753448968
MIX,1,33,10.164931267040757
IND,1,33,14.450951223101248
PAK,1,33,15.43625944049888
BAN,1,33,16.65987882889502
CHI,1,33,37.78262673900004
OAS,1,33,21.780008703926523
BLA,1,33,23.397176734137595
BLC,1,33,3.148056006899709
OBL,1,33,1.7114431466081756
OTH,1,33,32.77571861374051
WBI,1,34,13.874432236123383
WHO,1,34,8.192357707479298
MIX,1,34,10.597122712749911
IND,1,34,14.565838610972099
PAK,1,34,15.835221406135204
BAN,1,34,15.989584416949718
CHI,1,34,39.96577859521351
OAS,1,34,21.157268259704495
BLA,1,34,23.664136880436985
BLC,1,34,3.068938197202495
OBL,1,34,1.6239971464165168
OTH,1,34,33.16447854602113
WBI,1,35,11.597296750180124
WHO,1,35,7.34488104276471
MIX,1,35,9.443876534031823
IND,1,35,12.472423007336264
PAK,1,35,13.91336652668491
BAN,1,35,13.66293783851699
CHI,1,35,34.88949664313526
OAS,1,35,17.22586265489741
BLA,1,35,19.899628213138552
BLC,1,35,2.5067853388275463
OBL,1,35,1.5240588604831928
OTH,1,35,29.112480742854512
WBI,1,36,10.115711661218596
WHO,1,36,7.251230540654693
MIX,1,36,8.931442972908703
IND,1,36,12.367612729963692
PAK,1,36,13.925025993377128
BAN,1,36,12.852146852930426
CHI,1,36,34.001378408807774
OAS,1,36,15.204319335228625
BLA,1,36,17.26662914736771
BLC,1,36,2.0903758141053626
OBL,1,36,1.0909929547721215
OTH,1,36,27.672161837792945
WBI,1,37,10.88602764100216
WHO,1,37,8.797858797377827
MIX,1,37,10.83139471135861
IND,1,37,15.003360098597701
PAK,1,37,17.557616123243573
BAN,1,37,15.897599552938592
CHI,1,37,39.13612425815702
OAS,1,37,17.04464122973832
BLA,1,37,19.746722635660568
BLC,1,37,2.377698386163669
OBL,1,37,1.58652028919152
OTH,1,37,31.720287032379655
WBI,1,38,8.509828329127494
WHO,1,38,7.5375537298536655
MIX,1,38,8.893424783301569
IND,1,38,12.599178066661697
PAK,1,38,14.30133528086857
BAN,1,38,12.186641150519426
CHI,1,38,33.02344063999773
OAS,1,38,13.698957262405457
BLA,1,38,16.955779437162604
BLC,1,38,1.8322019087776085
OBL,1,38,1.5032383842470833
OTH,1,38,25.905128019634358
WBI,1,39,7.436990829633258
WHO,1,39,7.462475092546254
MIX,1,39,8.06118870719181
IND,1,39,11.757198007673443
PAK,1,39,13.539722260151697
BAN,1,39,13.032702022849964
CHI,1,39,31.18615853501851
OAS,1,39,13.292749771038967
BLA,1,39,15.201154622840736
BLC,1,39,1.5532075272137456
OBL,1,39,1.1118134310082308
OTH,1,39,25.252406089632334
WBI,1,40,6.882125137940947
WHO,1,40,7.843614730524471
MIX,1,40,8.004598652782066
IND,1,40,11.840854681190129
PAK,1,40,13.52339900678259
BAN,1,40,12.564824280872118
CHI,1,40,32.895852761622855
OAS,1,40,13.486421840987257
BLA,1,40,17.227403370138884
BLC,1,40,1.4157923840554247
OBL,1,40,1.2700490504026607
OTH,1,40,27.593585360477867
WBI,1,41,6.0707928199722465
WHO,1,41,7.5776123261319395
MIX,1,41,7.327600047488738
IND,1,41,11.453968591770748
PAK,1,41,12.139212105653574
BAN,1,41,11.370769968731254
CHI,1,41,30.826588910420906
OAS,1,41,12.898784719699313
BLA,1,41,13.496165823865754
BLC,1,41,1.2242440026832204
OBL,1,41,1.5365511462248584
OTH,1,41,25.584492685598278
WBI,1,42,5.446928070033471
WHO,1,42,7.25568612256922
MIX,1,42,6.8499366816799245
IND,1,42,10.060037707763238
PAK,1,42,11.01424013366412
BAN,1,42,10.650048363342101
CHI,1,42,29.310316908050016
OAS,1,42,12.318684610808836
BLA,1,42,12.57690015708906
BLC,1,42,1.0493520022999032
OBL,1,42,1.6281612416637388
OTH,1,42,23.688080428108506
WBI,1,43,5.362521859372282
WHO,1,43,7.655064497730267
MIX,1,43,6.8914527112947255
IND,1,43,10.360976871279963
PAK,1,43,11.326672200063177
BAN,1,43,11.41007902786503
CHI,1,43,27.630854012940503
OAS,1,43,13.250525845232138
BLA,1,43,12.553831069419452
BLC,1,43,1.0410238118054596
OBL,1,43,1.6989508608665098
OTH,1,43,24.7560459361635
WBI,1,44,4.839428214416276
WHO,1,44,7.208340359608307
MIX,1,44,6.495530535188872
IND,1,44,9.98779065522394
PAK,1,44,10.921422450603547
BAN,1,44,11.248512132272824
CHI,1,44,28.007080018527
OAS,1,44,12.859225814850701
BLA,1,44,12.1716920485819
BLC,1,44,0.9619060021082448
OBL,1,44,1.9446324804525985
OTH,1,44,22.767315687042817
WBI,1,45,4.508049514642362
WHO,1,45,7.431410942001981
MIX,1,45,6.45851172844107
IND,1,45,10.063702111580794
PAK,1,45,12.047893496881999
BAN,1,45,12.536633356048426
CHI,1,45,27.46932875830077
OAS,1,45,13.549632806840085
BLA,1,45,12.167028261905017
BLC,1,45,0.9202650496360265
OBL,1,45,1.340838669605432
OTH,1,45,23.64618962992146
WBI,1,46,4.792373938122669
WHO,1,46,5.357150176503367
MIX,1,46,10.6313099347296
IND,1,46,2.1486731475664684
PAK,1,46,1.1784389549637804
BAN,1,46,3.452034959946904
CHI,1,46,24.360165401010114
OAS,1,46,5.224607024784295
BLA,1,46,4.463368772639671
BLC,1,46,1.515730669988749
OBL,1,46,5.825111200386156
OTH,1,46,11.396295872596726
WBI,1,47,4.703345581737065
WHO,1,47,5.521423734006269
MIX,1,47,10.540282812625335
IND,1,47,2.1694936238025777
PAK,1,47,1.2825413361443259
BAN,1,47,3.8684444846690873
CHI,1,47,25.087008226412685
OAS,1,47,5.404412657559335
BLA,1,47,4.70605224364776
BLC,1,47,1.5198947652359713
OBL,1,47,5.359565351746755
OTH,1,47,11.718097153302029
WBI,1,48,4.681484081689152
WHO,1,48,5.702187108688168
MIX,1,48,11.303145061916375
IND,1,48,2.157001338060912
PAK,1,48,1.3699873363359842
BAN,1,48,3.747685722499655
CHI,1,48,24.41658889160997
OAS,1,48,5.997754589335975
BLA,1,48,5.396875645161863
BLC,1,48,1.4657615270220872
OBL,1,48,5.411533260432084
OTH,1,48,11.988680062466505
WBI,1,49,3.6394192460718866
WHO,1,49,4.667700926420847
MIX,1,49,9.221763693545011
IND,1,49,1.6864585751248446
PAK,1,49,1.0660083832887903
BAN,1,49,3.2688147690691425
CHI,1,49,18.456894132833604
OAS,1,49,4.603115809136436
BLA,1,49,4.301968440857353
BLC,1,49,1.1701107644693365
OBL,1,49,4.242005469297359
OTH,1,49,9.642378954466889
WBI,1,50,3.681060198544106
WHO,1,50,4.887606796426632
MIX,1,50,9.915543602684641
IND,1,50,1.6864585751248446
PAK,1,50,0.9827264783443538
BAN,1,50,3.6977165795329925
CHI,1,50,20.351432547462124
OAS,1,50,4.773677150462643
BLA,1,50,5.380552391792753
BLC,1,50,1.2991977171332134
OBL,1,50,5.317716194512176
OTH,1,50,10.3315367178821
WBI,1,51,4.344608776188903
WHO,1,51,6.040353283715054
MIX,1,51,13.051107323842688
IND,1,51,1.9363042899581553
PAK,1,51,1.2200799074359983
BAN,1,51,5.035015768178286
CHI,1,51,24.102824314731805
OAS,1,51,5.9397071015897005
BLA,1,51,5.779056306951882
BLC,1,51,1.7822327658109465
OBL,1,51,8.355798445932757
OTH,1,51,12.43661178821016
WBI,1,52,3.085594578191382
WHO,1,52,4.356226601928653
MIX,1,52,10.048586445833378
IND,1,52,1.3699873363359842
PAK,1,52,0.9410855258721353
BAN,1,52,4.097469723266289
CHI,1,52,17.142081058523306
OAS,1,52,4.728205230362979
BLA,1,52,4.424226277315786
BLC,1,52,1.311690002874879
OBL,1,52,6.4457279560320995
OTH,1,52,9.024552142636585
WBI,1,53,3.464527245688569
WHO,1,53,5.067079301581893
MIX,1,53,11.987472474844813
IND,1,53,1.5740280034498546
PAK,1,53,1.1784389549637804
BAN,1,53,5.038222121518646
CHI,1,53,19.228542623096285
OAS,1,53,5.512804056844519
BLA,1,53,5.570768262685847
BLC,1,53,1.6323253369109603
OBL,1,53,8.327607521109064
OTH,1,53,11.094482249078085
WBI,1,54,2.952343530280283
WHO,1,54,4.63771944064085
MIX,1,54,11.54149787386735
IND,1,54,1.386643717324872
PAK,1,54,1.0868288595248998
BAN,1,54,4.687896788369874
CHI,1,54,16.6249837107233
OAS,1,54,5.20649321045888
BLA,1,54,5.446053610031553
BLC,1,54,1.4615974317748655
OBL,1,54,7.956753198391489
OTH,1,54,9.878691359746727
WBI,1,55,3.3021275310469167
WHO,1,55,5.218902214295602
MIX,1,55,13.670516491866934
IND,1,55,1.5448793367193017
PAK,1,55,1.357495050594319
BAN,1,55,5.4146146909150294
CHI,1,55,19.120692556193234
OAS,1,55,5.851719769015904
BLA,1,55,6.528884938119119
BLC,1,55,1.7489200038331723
OBL,1,55,10.125663848859453
OTH,1,55,11.555031183420823
WBI,1,56,2.5525903865469863
WHO,1,56,4.226348471167805
MIX,1,56,11.026482573690956
IND,1,56,1.1701107644693365
PAK,1,56,1.2284080979304421
BAN,1,56,3.7976548654663165
CHI,1,56,15.794788041284686
OAS,1,56,4.695267236957456
BLA,1,56,5.774392520274996
BLC,1,56,1.5448793367193017
OBL,1,56,10.253418291044222
OTH,1,56,9.38133182341855
WBI,1,57,2.71915419643586
WHO,1,57,4.71600443128862
MIX,1,57,12.131175401826436
IND,1,57,1.2200799074359983
PAK,1,57,1.2617208599082168
BAN,1,57,3.830967627444091
CHI,1,57,17.709230831194922
OAS,1,57,4.93241246128674
BLA,1,57,6.396216863542631
BLC,1,57,1.7405918133387281
OBL,1,57,13.242031090927805
OTH,1,57,10.455668397201787
WBI,1,58,2.327729243197007
WHO,1,58,4.479608744103837
MIX,1,58,12.288286715504114
IND,1,58,1.1243057167498964
PAK,1,58,0.9868905735915755
BAN,1,58,3.235502007091368
CHI,1,58,15.865952429059702
OAS,1,58,4.444422139264812
BLA,1,58,6.88874604938403
BLC,1,58,1.5448793367193017
OBL,1,58,11.094981940507752
OTH,1,58,9.544647639014594
WBI,1,59,1.9862734329248166
WHO,1,59,4.030844199310739
MIX,1,59,10.878615551462108
IND,1,59,0.9660700973554663
PAK,1,59,0.6995680015332688
BAN,1,59,2.889882101571956
CHI,1,59,15.055994262522582
OAS,1,59,3.980875056344077
BLA,1,59,6.16173666017157
BLC,1,59,1.4699256222693087
OBL,1,59,13.014962977096799
OTH,1,59,8.989115692082727
WBI,1,60,2.1111962903414714
WHO,1,60,4.279607249379771
MIX,1,60,12.54908400083762
IND,1,60,1.0909929547721215
PAK,1,60,0.7661935254888183
BAN,1,60,3.685224293791327
CHI,1,60,15.693100835347522
OAS,1,60,4.114126104255177
BLA,1,60,7.889544701101327
BLC,1,60,1.640653527405404
OBL,1,60,14.455365164063304
OTH,1,60,10.051459671553962
WBI,1,61,2.5192776245692117
WHO,1,61,5.156190939872441
MIX,1,61,0.6579270490610505
IND,1,61,0.10993211452665654
PAK,1,61,5.9747687835713075
BAN,1,61,0.0
CHI,1,61,0.24609802911081063
OAS,1,61,0.0
BLA,1,61,0.0
BLC,1,61,0.0
OBL,1,61,0.0
OTH,1,61,4.492101029845503
WBI,1,62,2.531769910310878
WHO,1,62,5.469497466273412
MIX,1,62,0.56631695362217
IND,1,62,0.0899444573399917
PAK,1,62,7.934017238341656
BAN,1,62,0.0
CHI,1,62,0.21361808618248027
OAS,1,62,0.0
BLA,1,62,0.0
BLC,1,62,0.0
OBL,1,62,0.0
OTH,1,62,5.142449425556608
WBI,1,63,1.9071556232276017
WHO,1,63,4.32745270377035
MIX,1,63,0.5330041916443952
IND,1,63,0.07745217159832618
PAK,1,63,7.80097439519292
BAN,1,63,0.0
CHI,1,63,0.19904375281720385
OAS,1,63,0.0
BLA,1,63,0.0
BLC,1,63,0.0
OBL,1,63,0.0
OTH,1,63,4.526746302302388
WBI,1,64,1.8155455277887214
WHO,1,64,4.561266651901858
MIX,1,64,0.4164095247221838
IND,1,64,0.06620911443082722
PAK,1,64,8.777662935428802
BAN,1,64,0.0
CHI,1,64,0.15240588604831928
OAS,1,64,0.0
BLA,1,64,0.0
BLC,1,64,0.0
OBL,1,64,0.0
OTH,1,64,4.79745413432428
WBI,1,65,1.828037813530387
WHO,1,65,4.784004106675753
MIX,1,65,0.6662552395554939
IND,1,65,0.1161782573974893
PAK,1,65,9.499717051297068
BAN,1,65,0.0
CHI,1,65,0.2873225720583068
OAS,1,65,0.0
BLA,1,65,0.0
BLC,1,65,0.0
OBL,1,65,0.0
OTH,1,65,5.762066798343217
WBI,1,66,1.6906226703720666
WHO,1,66,0.1869678766002605
MIX,1,66,0.44139409620551495
IND,1,66,1.2242440026832204
PAK,1,66,3.223009721349703
BAN,1,66,0.0
CHI,1,66,12.096446847464607
OAS,1,66,5.772268831698911
BLA,1,66,0.0
BLC,1,66,3.21468153085526
OBL,1,66,0.0
OTH,1,66,0.0
WBI,1,67,1.3616591458415412
WHO,1,67,0.21778218142970213
MIX,1,67,0.5080196201610642
IND,1,67,1.0576801927943469
PAK,1,67,2.3735342909164476
BAN,1,67,0.0
CHI,1,67,10.446715592420258
OAS,1,67,4.629432891098878
BLA,1,67,0.0
BLC,1,67,2.4443239101192193
OBL,1,67,0.0
OTH,1,67,0.0
WBI,1,68,1.3783155268304286
WHO,1,68,0.38684444846690874
MIX,1,68,0.9535778116138008
IND,1,68,1.028531526063794
PAK,1,68,2.3069087669608983
BAN,1,68,0.0
CHI,1,68,10.853297852359
OAS,1,68,4.711757054136454
BLA,1,68,0.0
BLC,1,68,1.8113814325414992
OBL,1,68,0.0
OTH,1,68,0.0
WBI,1,69,1.2575567646609949
WHO,1,69,0.44139409620551495
MIX,1,69,1.0660083832887903
IND,1,69,0.8702959066693641
PAK,1,69,1.5990125749331858
BAN,1,69,0.0
CHI,1,69,10.03417867627799
OAS,1,69,4.417938493492481
BLA,1,69,0.0
BLC,1,69,1.3658232410887627
OBL,1,69,0.0
OTH,1,69,0.0
WBI,1,70,0.8827881924110296
WHO,1,70,0.17822327658109466
MIX,1,70,0.4289018104638494
IND,1,70,0.5746451441166136
PAK,1,70,1.1243057167498964
BAN,1,70,0.0
CHI,1,70,6.454264351288903
OAS,1,70,3.0481177209663857
BLA,1,70,0.0
BLC,1,70,0.7828499064777055
OBL,1,70,0.0
OTH,1,70,0.0
WBI,1,71,1.0909929547721215
WHO,1,71,0.21320167665775808
MIX,1,71,0.49552733441939883
IND,1,71,0.6829116205443814
PAK,1,71,1.1784389549637804
BAN,1,71,0.0
CHI,1,71,7.407925444807652
OAS,1,71,4.147438866232951
BLA,1,71,0.0
BLC,1,71,0.9202650496360265
OBL,1,71,0.0
OTH,1,71,0.0
WBI,1,72,1.386643717324872
WHO,1,72,0.27316464821775255
MIX,1,72,0.6579270490610505
IND,1,72,0.8536395256804769
PAK,1,72,1.3658232410887627
BAN,1,72,0.0
CHI,1,72,9.313373788983892
OAS,1,72,5.125917967425139
BLA,1,72,0.0
BLC,1,72,1.0826647642776779
OBL,1,72,0.0
OTH,1,72,0.0
WBI,1,73,1.0576801927943469
WHO,1,73,0.44139409620551495
MIX,1,73,1.0410238118054596
IND,1,73,0.6246142870832757
PAK,1,73,1.0451879070526813
BAN,1,73,0.0
CHI,1,73,6.495780380903706
OAS,1,73,3.6977165795329925
BLA,1,73,0.0
BLC,1,73,0.7495371444999308
OBL,1,73,0.0
OTH,1,73,0.0
WBI,1,74,0.9494137163665791
WHO,1,74,0.28066001966275184
MIX,1,74,0.7453730492527089
IND,1,74,0.6079579060943883
PAK,1,74,0.9119368591415823
BAN,1,74,0.0
CHI,1,74,6.144205819180765
OAS,1,74,3.6602397223079954
BLA,1,74,0.0
BLC,1,74,0.6662552395554939
OBL,1,74,0.0
OTH,1,74,0.0
WBI,1,75,1.107649335761009
WHO,1,75,0.4538863819471803
MIX,1,75,1.565699812955411
IND,1,75,0.7120602872749343
PAK,1,75,1.0535160975471252
BAN,1,75,0.0
CHI,1,75,7.4026370438436775
OAS,1,75,4.572468068116883
BLA,1,75,0.0
BLC,1,75,0.8078344779610365
OBL,1,75,0.0
OTH,1,75,0.0
WBI,1,76,1.0451879070526813
WHO,1,76,0.12700490504026604
MIX,1,76,0.4455581914527366
IND,1,76,0.7078961920277123
PAK,1,76,1.1659466692221145
BAN,1,76,0.0
CHI,1,76,8.027251330926953
OAS,1,76,4.964475994690346
BLA,1,76,0.0
BLC,1,76,0.803670382713815
OBL,1,76,0.0
OTH,1,76,0.0
WBI,1,77,1.1201416215026745
WHO,1,77,0.1332510479110988
MIX,1,77,0.5621528583749482
IND,1,77,0.8453113351860333
PAK,1,77,1.357495050594319
BAN,1,77,0.0
CHI,1,77,8.481179353826608
OAS,1,77,5.1144250645428055
BLA,1,77,0.0
BLC,1,77,0.8702959066693641
OBL,1,77,0.0
OTH,1,77,0.0
WBI,1,78,1.0035469545804632
WHO,1,78,0.19446324804525983
MIX,1,78,0.6787475252971595
IND,1,78,0.6620911443082722
PAK,1,78,1.1742748597165582
BAN,1,78,0.0
CHI,1,78,7.113898679401316
OAS,1,78,4.383834553417735
BLA,1,78,0.0
BLC,1,78,0.6787475252971595
OBL,1,78,0.0
OTH,1,78,0.0
WBI,1,79,1.444941050785978
WHO,1,79,0.48303504867773317
MIX,1,79,1.7405918133387281
IND,1,79,1.0660083832887903
PAK,1,79,1.8322019087776085
BAN,1,79,0.0
CHI,1,79,12.205920911514069
OAS,1,79,6.852435138828256
BLA,1,79,0.0
BLC,1,79,1.0576801927943469
OBL,1,79,0.0
OTH,1,79,0.0
WBI,1,80,1.1617825739748926
WHO,1,80,0.21320167665775808
MIX,1,80,0.7786858112304837
IND,1,80,0.9452496211193572
PAK,1,80,1.6656380988887352
BAN,1,80,0.0
CHI,1,80,10.929625718240576
OAS,1,80,6.7183096309152415
BLA,1,80,0.0
BLC,1,80,0.9619060021082448
OBL,1,80,0.0
OTH,1,80,0.0
WBI,1,81,1.1617825739748926
WHO,1,81,0.5163478106555079
MIX,1,81,11.188674083570247
IND,1,81,3.5394809601385613
PAK,1,81,0.0
BAN,1,81,0.0
CHI,1,81,2.919030768302508
OAS,1,81,0.0
BLA,1,81,0.0
BLC,1,81,0.0
OBL,1,81,0.0
OTH,1,81,0.0
WBI,1,82,1.0868288595248998
WHO,1,82,0.34895118171719
MIX,1,82,9.895014613115837
IND,1,82,3.506168198160788
PAK,1,82,0.0
BAN,1,82,0.0
CHI,1,82,1.615668955922073
OAS,1,82,0.0
BLA,1,82,0.0
BLC,1,82,0.0
OBL,1,82,0.0
OTH,1,82,0.0
WBI,1,83,1.4824179080109745
WHO,1,83,1.0743365737832342
MIX,1,83,12.567031251353148
IND,1,83,4.719418989391342
PAK,1,83,0.0
BAN,1,83,0.0
CHI,1,83,4.27602612746716
OAS,1,83,0.0
BLA,1,83,0.0
BLC,1,83,0.0
OBL,1,83,0.0
OTH,1,83,0.0
WBI,1,84,0.9535778116138008
WHO,1,84,0.7370448587582653
MIX,1,84,9.115745828550741
IND,1,84,3.277142959563586
PAK,1,84,0.0
BAN,1,84,0.0
CHI,1,84,3.03562543522472
OAS,1,84,0.0
BLA,1,84,0.0
BLC,1,84,0.0
OBL,1,84,0.0
OTH,1,84,0.0
WBI,1,85,2.6358722914914243
WHO,1,85,2.261103719241458
MIX,1,85,24.324937155218617
IND,1,85,10.024143206732186
PAK,1,85,0.0
BAN,1,85,0.0
CHI,1,85,9.266402794595228
OAS,1,85,0.0
BLA,1,85,0.0
BLC,1,85,0.0
OBL,1,85,0.0
OTH,1,85,0.0
WBI,1,86,1.5365511462248584
WHO,1,86,0.7953421922193709
MIX,1,86,15.879360815755753
IND,1,86,6.671546841288938
PAK,1,86,0.0
BAN,1,86,0.0
CHI,1,86,4.683233001692985
OAS,1,86,0.0
BLA,1,86,0.0
BLC,1,86,0.0
OBL,1,86,0.0
OTH,1,86,0.0
WBI,2,1,10.159445572580045
WHO,2,1,6.722671465016987
MIX,2,1,16.435984779965292
IND,2,1,8.625302698552979
PAK,2,1,13.6331681203616
BAN,2,1,17.197103676224753
CHI,2,1,58.97639830382146
OAS,2,1,21.167756658113014
BLA,2,1,17.71381267204021
BLC,2,1,0.8632369858492074
OBL,2,1,15.447815584186037
OTH,2,1,19.313646932078324
WBI,2,2,9.48099821842691
WHO,2,2,7.824247234047084
MIX,2,2,13.105787238732074
IND,2,2,9.02893713534291
PAK,2,2,13.006846999584742
BAN,2,2,16.720663262881057
CHI,2,2,59.02221626691653
OAS,2,2,22.14809980429528
BLA,2,2,17.452944352140722
BLC,2,2,0.33438575550752264
OBL,2,2,12.240036430891106
OTH,2,2,18.891040253841158
WBI,2,3,8.28859284346817
WHO,2,3,7.4171503631930324
MIX,2,3,10.315729411501644
IND,2,3,8.128609417464357
PAK,2,3,11.329416272027428
BAN,2,3,14.439962687905279
CHI,2,3,53.15054469201529
OAS,2,3,19.440428935549477
BLA,2,3,14.717194566053005
BLC,2,3,0.28363500963616817
OBL,2,3,9.570974073490424
OTH,2,3,15.888825336627024
WBI,2,4,7.289799192478466
WHO,2,4,7.057294373542597
MIX,2,4,8.728843706251267
IND,2,4,7.323190337425599
PAK,2,4,10.381895103548878
BAN,2,4,12.395371657740347
CHI,2,4,49.939492827070715
OAS,2,4,16.927935000692102
BLA,2,4,12.941155613573688
BLC,2,4,0.40932610922410223
OBL,2,4,8.082933746180137
OTH,2,4,13.848597921994955
WBI,2,5,6.218057273124141
WHO,2,5,6.59598432275307
MIX,2,5,7.76457953469553
IND,2,5,6.333408501123333
PAK,2,5,9.053411326809846
BAN,2,5,10.730367748330973
CHI,2,5,46.91560212400311
OAS,2,5,15.277634578404337
BLA,2,5,11.154871650712865
BLC,2,5,0.37944482894470644
OBL,2,5,6.810323220503212
OTH,2,5,12.2843366146704
WBI,2,6,5.936414348839933
WHO,2,6,6.841247974062204
MIX,2,6,8.052910174089888
IND,2,6,6.279574766016802
PAK,2,6,8.556575753910368
BAN,2,6,9.864190065057445
CHI,2,6,49.37264968323094
OAS,2,6,14.50370941916799
BLA,2,6,10.876311715663833
BLC,2,6,0.23193565169245184
OBL,2,6,6.2915747087321785
OTH,2,6,11.707817627692537
WBI,2,7,4.889810649403198
WHO,2,7,5.977963557609379
MIX,2,7,6.553439071307644
IND,2,7,5.345808472587497
PAK,2,7,7.135981744945006
BAN,2,7,8.03004862314597
CHI,2,7,39.56205620026192
OAS,2,7,11.691027194011733
BLA,2,7,9.286295590574657
BLC,2,7,0.31067045369847845
OBL,2,7,5.1022997536122325
OTH,2,7,9.813154735564384
WBI,2,8,4.292469627436993
WHO,2,8,5.577554401865477
MIX,2,8,6.35332935464293
IND,2,8,4.889668357592342
PAK,2,8,6.6079368348648275
BAN,2,8,7.0929621874633995
CHI,2,8,38.852636661946185
OAS,2,8,11.20756705133256
BLA,2,8,9.005458986551957
BLC,2,8,0.24853636295878273
OBL,2,8,5.148781745157958
OTH,2,8,9.37674575167435
WBI,2,9,4.368358593225934
WHO,2,9,5.838565013575818
MIX,2,9,6.593707653779401
IND,2,9,4.90906747447214
PAK,2,9,6.651478128986233
BAN,2,9,7.241467407391633
CHI,2,9,38.640052696529914
OAS,2,9,11.171662084393667
BLA,2,9,9.24825624647295
BLC,2,9,0.36995870822108884
OBL,2,9,4.899201908919579
OTH,2,9,9.16439893927617
WBI,2,10,4.022115186813888
WHO,2,10,5.562376608707689
MIX,2,10,6.3892343215818235
IND,2,10,4.747708560963404
PAK,2,10,6.28635734233419
BAN,2,10,6.8668130694123555
CHI,2,10,38.19818919322381
OAS,2,10,11.452925563848932
BLA,2,10,9.2087939842627
BLC,2,10,0.2622912380080284
OBL,2,10,4.62922691312542
OTH,2,10,9.024620950413665
WBI,2,11,3.405517339778741
WHO,2,11,5.035707186132436
MIX,2,11,5.580684821704271
IND,2,11,4.254525144542523
PAK,2,11,5.907102235803954
BAN,2,11,6.385819318121321
CHI,2,11,29.844995867627798
OAS,2,11,9.936189721349704
BLA,2,11,7.8878991041025595
BLC,2,11,0.2561252595376769
OBL,2,11,4.491678162632963
OTH,2,11,8.713428760075386
WBI,2,12,3.282197770371712
WHO,2,12,5.051549007740877
MIX,2,12,5.331294707880364
IND,2,12,4.188122299477198
PAK,2,12,5.862612329610189
BAN,2,12,6.610403226252968
CHI,2,12,30.750825535526058
OAS,2,12,9.62959829956238
BLA,2,12,7.693481059872016
BLC,2,12,0.28742945792561525
OBL,2,12,4.093261092241021
OTH,2,12,8.31012633751078
WBI,2,13,3.1019614766229764
WHO,2,13,4.99690895237284
MIX,2,13,5.371231276126793
IND,2,13,4.093261092241021
PAK,2,13,5.870722962828882
BAN,2,13,6.435289437694987
CHI,2,13,28.293303670262045
OAS,2,13,9.657345202678963
BLA,2,13,7.727868247495129
BLC,2,13,0.3789705229085256
OBL,2,13,4.311441868884228
OTH,2,13,8.408212825792988
WBI,2,14,2.7841764323817846
WHO,2,14,4.548594886974671
MIX,2,14,4.7717084463941575
IND,2,14,3.633184237145565
PAK,2,14,5.5459656198558305
BAN,2,14,5.582629476452612
CHI,2,14,23.35516123577201
OAS,2,14,8.348165681612489
BLA,2,14,6.673580790272263
BLC,2,14,0.2366787120542607
OBL,2,14,3.5999828146129036
OTH,2,14,7.699647038342366
WBI,2,15,3.2252810460300054
WHO,2,15,5.537902417240755
MIX,2,15,5.792936772895216
IND,2,15,4.14069169585911
PAK,2,15,6.492870190487346
BAN,2,15,6.872836756071848
CHI,2,15,24.088960104347457
OAS,2,15,9.857360058136443
BLA,2,15,8.052862743486271
BLC,2,15,0.2755718070210931
OBL,2,15,4.70511587891436
OTH,2,15,8.897744085735278
WBI,2,16,4.050573548984743
WHO,2,16,1.731217032060224
MIX,2,16,1.8972241447235325
IND,2,16,1.6458419455476647
PAK,2,16,0.6071117263115303
BAN,2,16,0.47430603618088313
CHI,2,16,3.8987956174068596
OAS,2,16,1.5557237986732966
BLA,2,16,0.9059245291054866
BLC,2,16,0.21960369475174893
OBL,2,16,0.1939911687979812
OTH,2,16,0.6830006921004718
WBI,2,17,5.082284038885399
WHO,2,17,3.244253287477241
MIX,2,17,2.88378069997977
IND,2,17,1.9067102654471502
PAK,2,17,0.7446604768039865
BAN,2,17,0.6545423299296187
CHI,2,17,5.525617890903671
OAS,2,17,1.9825992312360914
BLA,2,17,1.4039458670954141
BLC,2,17,0.3415003460502359
OBL,2,17,0.43493863517786985
OTH,2,17,1.0909038832160314
WBI,2,18,6.537075513059404
WHO,2,18,3.879823375959624
MIX,2,18,3.9794276435576106
IND,2,18,2.4142177241606952
PAK,2,18,1.0245010381507076
BAN,2,18,0.9391259516381486
CHI,2,18,5.803039491465868
OAS,2,18,2.727259708040078
BLA,2,18,1.8877380239999146
BLC,2,18,0.434464329141689
OBL,2,18,0.5786533641406774
OTH,2,18,1.437147289628076
WBI,2,19,52.11390141933835
WHO,2,19,26.62986497077207
MIX,2,19,32.55883271484396
IND,2,19,17.53310207225529
PAK,2,19,8.348829710063143
BAN,2,19,7.835203703482865
CHI,2,19,37.96388201135045
OAS,2,19,20.7806755019858
BLA,2,19,14.682712517222654
BLC,2,19,3.524093848823962
OBL,2,19,4.80509959134129
OTH,2,19,11.305748400822004
WBI,2,20,275.60538788845474
WHO,2,20,113.58576607131829
MIX,2,20,182.20841081657213
IND,2,20,88.61075486078133
PAK,2,20,47.29684931588531
BAN,2,20,42.231071127059
CHI,2,20,177.64786341748567
OAS,2,20,112.40151876018186
BLA,2,20,83.68309458969091
BLC,2,20,19.011988293067287
OBL,2,20,29.02653337159407
OTH,2,20,56.412821608867404
WBI,2,21,114.71940492839423
WHO,2,21,67.87973920078367
MIX,2,21,82.53498939851147
IND,2,21,29.73339165731444
PAK,2,21,28.630487831383032
BAN,2,21,21.633857199867972
CHI,2,21,234.46137876571868
OAS,2,21,49.11808963361267
BLA,2,21,39.610814860781325
BLC,2,21,14.345907800930608
OBL,2,21,9.177347494063905
OTH,2,21,60.90127449045434
WBI,2,22,50.89692699170544
WHO,2,22,25.450218428186595
MIX,2,22,36.232949562911934
IND,2,22,12.492414672742957
PAK,2,22,12.116052833033422
BAN,2,22,9.090359767028334
CHI,2,22,86.45873351342144
OAS,2,22,20.000679225486333
BLA,2,22,16.74366710563583
BLC,2,22,6.253582795234091
OBL,2,22,4.0742888507937876
OTH,2,22,24.4664128479402
WBI,2,23,59.458909834428276
WHO,2,23,26.156460116059932
MIX,2,23,43.36034636860206
IND,2,23,13.848882505616663
PAK,2,23,13.64450403462632
BAN,2,23,9.900901352257847
CHI,2,23,88.19199006143722
OAS,2,23,22.878483669410222
BLA,2,23,19.750957097437105
BLC,2,23,7.214005087896759
OBL,2,23,4.235552903095287
OTH,2,23,27.674049709424278
WBI,2,24,55.01746068102687
WHO,2,24,20.490352777239476
MIX,2,24,41.38827673136918
IND,2,24,11.853524442007304
PAK,2,24,11.906551856852325
BAN,2,24,8.458821279853487
CHI,2,24,94.62182497971614
OAS,2,24,19.80094895365056
BLA,2,24,17.984973432924814
BLC,2,24,6.906512484640693
OBL,2,24,4.031601307537506
OTH,2,24,24.03688130157479
WBI,2,25,45.714090073149706
WHO,2,25,14.398508340343069
MIX,2,25,34.417021472789806
IND,2,25,9.127972235697479
PAK,2,25,9.377030335296059
BAN,2,25,6.858512713779188
CHI,2,25,102.73848188506874
OAS,2,25,15.304338008241318
BLA,2,25,14.155853372232933
BLC,2,25,5.497728695976235
OBL,2,25,3.196822683859152
OTH,2,25,19.286990932844958
WBI,2,26,33.20331975680654
WHO,2,26,26.01407344399842
MIX,2,26,17.06657465506777
IND,2,26,19.40760695784576
PAK,2,26,19.172398594503658
BAN,2,26,18.72251931918609
CHI,2,26,74.17975655695987
OAS,2,26,34.62121022136567
BLA,2,26,49.47889423533547
BLC,2,26,7.167238512729326
OBL,2,26,1.0245010381507076
OTH,2,26,40.94935392548741
WBI,2,27,29.67813500409936
WHO,2,27,21.156847619280853
MIX,2,27,15.67154574145256
IND,2,27,16.57220547355644
PAK,2,27,17.59983693154594
BAN,2,27,16.59815001373553
CHI,2,27,67.7468386494458
OAS,2,27,29.309409491572342
BLA,2,27,42.74180386681858
BLC,2,27,6.40588246345177
OBL,2,27,1.3992028067336053
OTH,2,27,33.80265286412471
WBI,2,28,24.677763617662404
WHO,2,28,16.679398637733318
MIX,2,28,13.19988955631036
IND,2,28,13.266861568619097
PAK,2,28,14.517227141199143
BAN,2,28,13.107779324084035
CHI,2,28,55.340510522269675
OAS,2,28,24.37003386138825
BLA,2,28,34.26035818903926
BLC,2,28,5.382330037373425
OBL,2,28,1.3422860823918994
OTH,2,28,27.085910224559985
WBI,2,29,21.479138570865768
WHO,2,29,14.229370807840965
MIX,2,29,11.766726437386204
IND,2,29,11.182903137451156
PAK,2,29,12.162202810353822
BAN,2,29,11.888338505062983
CHI,2,29,44.60710721530714
OAS,2,29,20.488645275509224
BLA,2,29,27.874870885143263
BLC,2,29,4.3636155328641255
OBL,2,29,1.3707444445627521
OTH,2,29,23.886526288105458
WBI,2,30,20.283270761842903
WHO,2,30,13.594369886602001
MIX,2,30,11.30859423703909
IND,2,30,10.663632889040324
PAK,2,30,11.509415412758074
BAN,2,30,11.578616663436865
CHI,2,30,45.98932986594547
OAS,2,30,18.15107540679536
BLA,2,30,27.545465343015646
BLC,2,30,4.0742888507937876
OBL,2,30,1.4561195310753114
OTH,2,30,22.632982865083
WBI,2,31,16.31527389375725
WHO,2,31,12.64167878232908
MIX,2,31,25.101603491593647
IND,2,31,18.507374101174445
PAK,2,31,15.378614333507246
BAN,2,31,12.382375672348992
CHI,2,31,38.39578508789677
OAS,2,31,19.93029220971709
BLA,2,31,31.541161683614263
BLC,2,31,2.6181693197184748
OBL,2,31,1.5462376779496791
OTH,2,31,27.769622375714718
WBI,2,32,14.20072272325564
WHO,2,32,11.40829336584431
MIX,2,32,22.95816708348861
IND,2,32,16.232697212858163
PAK,2,32,13.313106407146735
BAN,2,32,11.211266638414772
CHI,2,32,34.2195678699277
OAS,2,32,16.86727125866457
BLA,2,32,25.93538607259602
BLC,2,32,2.19129388715568
OBL,2,32,1.5225223761406348
OTH,2,32,24.50815177912412
WBI,2,33,12.994325320229564
WHO,2,33,10.85700745999127
MIX,2,33,21.229843318249095
IND,2,33,14.766617255023052
PAK,2,33,12.651496917278022
BAN,2,33,11.123946897153868
CHI,2,33,31.68677363672179
OAS,2,33,14.387314717889202
BLA,2,33,22.85102134991535
BLC,2,33,1.963626989788856
OBL,2,33,1.7881337564019295
OTH,2,33,23.41653643685382
WBI,2,34,11.694347336265
WHO,2,34,10.047367056230504
MIX,2,34,19.608143549943037
IND,2,34,13.410101991545726
PAK,2,34,11.98637756274157
BAN,2,34,9.88211883322508
CHI,2,34,28.911798741441917
OAS,2,34,12.286138977607889
BLA,2,34,20.41294603213476
BLC,2,34,1.6885294888039442
OBL,2,34,1.6458419455476647
OTH,2,34,20.173848359295977
WBI,2,35,8.70811653247016
WHO,2,35,8.044088081816925
MIX,2,35,15.307420997476497
IND,2,35,10.451475799056611
PAK,2,35,9.433472753601585
BAN,2,35,7.216092034455956
CHI,2,35,22.400146031921803
OAS,2,35,8.744400944238
BLA,2,35,14.945810075492192
BLC,2,35,1.2806262976883849
OBL,2,35,1.432404229266267
OTH,2,35,16.071053715727718
WBI,2,36,7.653876505850912
WHO,2,36,8.109400022999031
MIX,2,36,14.555835652544268
IND,2,36,10.571238073192287
PAK,2,36,9.555369404900071
BAN,2,36,7.749733755763068
CHI,2,36,22.042566711245037
OAS,2,36,7.903124327863965
BLA,2,36,13.685057200719784
BLC,2,36,1.0482163399597522
OBL,2,36,1.3897166860099874
OTH,2,36,14.779755532225265
WBI,2,37,6.518008410404933
WHO,2,37,7.8165634762609555
MIX,2,37,13.56439374511537
IND,2,37,9.86205568789463
PAK,2,37,9.419717878552342
BAN,2,37,7.15395794371626
CHI,2,37,20.75411436395967
OAS,2,37,7.202811465442892
BLA,2,37,12.67094346476144
BLC,2,37,0.9059245291054866
OBL,2,37,1.5652099193969147
OTH,2,37,14.151726909718157
WBI,2,38,5.789901214263658
WHO,2,38,7.632058428186589
MIX,2,38,12.385790675809494
IND,2,38,9.54047619536399
PAK,2,38,8.791072658198198
BAN,2,38,6.630086926754474
CHI,2,38,19.155987605651802
OAS,2,38,6.563446928671062
BLA,2,38,12.125728676171516
BLC,2,38,0.8300355633165454
OBL,2,38,1.769161514954694
OTH,2,38,12.69793147822013
WBI,2,39,5.083801818201177
WHO,2,39,7.4731659060659945
MIX,2,39,11.382159103250743
IND,2,39,8.725476133394379
PAK,2,39,8.114901973018728
BAN,2,39,7.277324943726909
CHI,2,39,17.86321907343719
OAS,2,39,6.098010415366761
BLA,2,39,11.011631227786236
BLC,2,39,0.6924868128240893
OBL,2,39,1.3138277202210464
OTH,2,39,12.19160978459704
WBI,2,40,4.349386351778699
WHO,2,40,7.245166994473844
MIX,2,40,10.9703666026385
IND,2,40,8.171723836153198
PAK,2,40,7.40681049160429
BAN,2,40,6.932219871801697
CHI,2,40,17.05035338863039
OAS,2,40,5.994232254650383
BLA,2,40,11.885445238242276
BLC,2,40,0.5833964245024863
OBL,2,40,1.3138277202210464
OTH,2,40,11.82240996603384
WBI,2,41,4.045830488622934
WHO,2,41,7.294542252840274
MIX,2,41,10.475570545694602
IND,2,41,8.20440352204606
PAK,2,41,7.120471937561888
BAN,2,41,7.251190681133343
CHI,2,41,16.370340824557854
OAS,2,41,5.909473765984859
BLA,2,41,9.906355871673926
BLC,2,41,0.5359658208843979
OBL,2,41,1.2189665129848697
OTH,2,41,11.189543421957687
WBI,2,42,3.4861493659294913
WHO,2,42,6.852204443497983
MIX,2,42,9.50803366248922
IND,2,42,6.994116809523303
PAK,2,42,6.362293738726749
BAN,2,42,6.831145255491552
CHI,2,42,14.816703972443756
OAS,2,42,5.523862958569802
BLA,2,42,8.877728371008445
BLC,2,42,0.43825877743113595
OBL,2,42,1.2616540562411493
OTH,2,42,10.425910703706466
WBI,2,43,3.2916838910953294
WHO,2,43,6.506198190104027
MIX,2,43,9.001711968866125
IND,2,43,6.919461039428432
PAK,2,43,6.176460633751078
BAN,2,43,6.908314847578182
CHI,2,43,13.046641276020319
OAS,2,43,5.226093629055443
BLA,2,43,8.14620617140667
BLC,2,43,0.42355529030952865
OBL,2,43,1.4988070743315909
OTH,2,43,9.85233241415292
WBI,2,44,3.301170011818946
WHO,2,44,7.237483236687713
MIX,2,44,9.708807407604587
IND,2,44,7.178432135183195
PAK,2,44,7.029120594993452
BAN,2,44,7.69480911677332
CHI,2,44,15.220765284666248
OAS,2,44,6.266389058210974
BLA,2,44,9.338990991194352
BLC,2,44,0.4164406997668154
OBL,2,44,1.6221266437386206
OTH,2,44,10.704091193926553
WBI,2,45,3.196822683859152
WHO,2,45,7.324091518894343
MIX,2,45,9.483322318004193
IND,2,45,7.310858380484895
PAK,2,45,7.3181152628384645
BAN,2,45,7.798682138696936
CHI,2,45,14.931011727163348
OAS,2,45,6.34517129082062
BLA,2,45,9.401457096159374
BLC,2,45,0.4254525144542523
OBL,2,45,1.2853693580501935
OTH,2,45,10.985686687607142
WBI,2,46,3.5335799695475787
WHO,2,46,5.902406606045765
MIX,2,46,1.731217032060224
IND,2,46,0.5359658208843979
PAK,2,46,6.303859235069264
BAN,2,46,1.2948554787738111
CHI,2,46,10.329958592587072
OAS,2,46,0.8442647444019723
BLA,2,46,3.846621953426962
BLC,2,46,0.09391259516381485
OBL,2,46,0.15367515572260615
OTH,2,46,7.894444527401855
WBI,2,47,3.2205379856681966
WHO,2,47,5.584906145426281
MIX,2,47,1.6743003077185175
IND,2,47,0.5169935794371625
PAK,2,47,6.556095185110259
BAN,2,47,1.58418216084415
CHI,2,47,9.525582985827914
OAS,2,47,0.8300355633165454
BLA,2,47,3.7517607461907856
BLC,2,47,0.11383344868341196
OBL,2,47,0.17217309113366056
OTH,2,47,7.332202152113037
WBI,2,48,3.1683643216883
WHO,2,48,5.615119439931003
MIX,2,48,1.6837864284421349
IND,2,48,0.4980213379899274
PAK,2,48,6.851208400822004
BAN,2,48,1.8924810843617232
CHI,2,48,8.443311472470375
OAS,2,48,0.8490078047637807
BLA,2,48,4.145434756220919
BLC,2,48,0.16268697041004293
OBL,2,48,0.21628355249848272
OTH,2,48,7.606066457403879
WBI,2,49,3.1209337180702104
WHO,2,49,5.561807441464272
MIX,2,49,1.731217032060224
IND,2,49,0.4837921569045008
PAK,2,49,7.142479737640683
BAN,2,49,1.8829949636381065
CHI,2,49,8.346458179882237
OAS,2,49,0.8537508651255896
BLA,2,49,4.188122299477198
BLC,2,49,0.18497935411054442
OBL,2,49,0.20584881970250327
OTH,2,49,7.7051489883620645
WBI,2,50,3.087732295537549
WHO,2,50,5.729854070083159
MIX,2,50,1.8687657825526793
IND,2,50,0.4681400577105317
PAK,2,50,6.793675078633262
BAN,2,50,1.5130362554170174
CHI,2,50,9.16392463323999
OAS,2,50,0.872723106572825
BLA,2,50,5.153667097330623
BLC,2,50,0.16790433680803263
OBL,2,50,0.1968370050150665
OTH,2,50,7.639837047179957
WBI,2,51,3.0213294504722255
WHO,2,51,5.651119268077132
MIX,2,51,1.9825992312360914
IND,2,51,0.46339699734872286
PAK,2,51,6.916994648040291
BAN,2,51,1.9541408690652389
CHI,2,51,9.541946544076152
OAS,2,51,0.8916953480200602
BLA,2,51,4.676657516743507
BLC,2,51,0.2120147981728548
OBL,2,51,0.2732002768401887
OTH,2,51,7.629354883780361
WBI,2,52,2.6039401386330483
WHO,2,52,4.900197951595558
MIX,2,52,1.7501892735074591
IND,2,52,0.3913024798492287
PAK,2,52,5.814565128145064
BAN,2,52,1.432404229266267
CHI,2,52,8.28778652320666
OAS,2,52,0.7778618993366483
BLA,2,52,4.486935102271154
BLC,2,52,0.16221266437386203
OBL,2,52,0.19351686276180033
OTH,2,52,6.54883830275669
WBI,2,53,2.8410931567234905
WHO,2,53,5.579024750577637
MIX,2,53,2.0252867744923715
IND,2,53,0.4396816955396787
PAK,2,53,6.884599545769135
BAN,2,53,3.5715244524420506
CHI,2,53,9.090549489442806
OAS,2,53,0.901181468743678
BLA,2,53,5.4199899366461874
BLC,2,53,0.34766632452058743
OBL,2,53,0.41928653598390075
OTH,2,53,8.012641591618133
WBI,2,54,2.3762732412662246
WHO,2,54,4.908640599039578
MIX,2,54,2.0015714726833274
IND,2,54,0.3761246866914403
PAK,2,54,5.600226230394924
BAN,2,54,2.2529536718591947
CHI,2,54,7.856642336318239
OAS,2,54,0.7968341407838837
BLA,2,54,5.305871904341068
BLC,2,54,0.21533494042612095
OBL,2,54,0.24094746637988862
OTH,2,54,6.738228703003716
WBI,2,55,2.082203498834077
WHO,2,55,4.453733679738493
MIX,2,55,1.797619877125547
IND,2,55,0.33865450983315054
PAK,2,55,5.0830429285432865
BAN,2,55,2.869551518894343
CHI,2,55,7.241657129806106
OAS,2,55,0.706715993909516
BLA,2,55,4.951185850485001
BLC,2,55,0.22150091889647242
OBL,2,55,0.29833849675777546
OTH,2,55,6.2137885187985145
WBI,2,56,2.788919492743593
WHO,2,56,6.0889986006793215
MIX,2,56,2.7082874665928425
IND,2,56,0.4605511611316375
PAK,2,56,6.939666476569737
BAN,2,56,3.0213294504722255
CHI,2,56,10.459254418049982
OAS,2,56,0.986556555256237
BLA,2,56,7.581117959900764
BLC,2,56,0.33106561325425643
OBL,2,56,0.5359658208843979
OTH,2,56,8.86496953863518
WBI,2,57,1.6316127644622378
WHO,2,57,3.7090732029345066
MIX,2,57,1.6078974626531934
IND,2,57,0.26561138026129455
PAK,2,57,4.14069169585911
BAN,2,57,1.9968284123215183
CHI,2,57,6.22531415547771
OAS,2,57,0.5739103037788685
BLA,2,57,4.330414110331462
BLC,2,57,0.19825992312360918
OBL,2,57,0.3913024798492287
OTH,2,57,5.469507486823472
WBI,2,58,2.2624397925828124
WHO,2,58,5.54074825345784
MIX,2,58,2.4948497503114457
IND,2,58,0.40600596697083596
PAK,2,58,6.40469669836132
BAN,2,58,2.694058285507416
CHI,2,58,8.67131038406252
OAS,2,58,0.8347786236783544
BLA,2,58,7.368960869917054
BLC,2,58,0.24853636295878273
OBL,2,58,0.6640284506532366
OTH,2,58,8.344798108755603
WBI,2,59,2.0774604384722677
WHO,2,59,5.144750143850421
MIX,2,59,2.4521622070551663
IND,2,59,0.36379272975073734
PAK,2,59,6.306894793700822
BAN,2,59,2.6229123800802836
CHI,2,59,8.88702476931759
OAS,2,59,0.7541465975276042
BLA,2,59,6.84931117667728
BLC,2,59,0.2765204190934549
OBL,2,59,0.7541465975276042
OTH,2,59,7.911234961082657
WBI,2,60,2.063231257386841
WHO,2,60,5.128860891638361
MIX,2,60,2.4663913881405928
IND,2,60,0.36711287200400355
PAK,2,60,6.635588876774173
BAN,2,60,1.8640227221908703
CHI,2,60,8.878961566702516
OAS,2,60,0.763632718251222
BLA,2,60,8.571042088013884
BLC,2,60,0.19161963861707682
OBL,2,60,0.6403131488441924
OTH,2,60,8.095645147949787
WBI,2,61,1.8260782392964003
WHO,2,61,2.3003842754772834
MIX,2,61,0.450590734371839
IND,2,61,1.3043415994974286
PAK,2,61,0.0
BAN,2,61,7.171554697658573
CHI,2,61,20.47247143967546
OAS,2,61,0.0
BLA,2,61,0.0
BLC,2,61,0.0
OBL,2,61,0.0
OTH,2,61,0.0
WBI,2,62,1.7264739716984148
WHO,2,62,2.2007800078792976
MIX,2,62,0.36853579011254617
IND,2,62,1.3233138409446636
PAK,2,62,0.0
BAN,2,62,8.141415680441243
CHI,2,62,20.269563317397278
OAS,2,62,0.0
BLA,2,62,0.0
BLC,2,62,0.0
OBL,2,62,0.0
OTH,2,62,0.0
WBI,2,63,1.9541408690652389
WHO,2,63,2.6655999233365635
MIX,2,63,0.6355700884823835
IND,2,63,1.6031544022913846
PAK,2,63,0.0
BAN,2,63,11.138887537293567
CHI,2,63,24.797383599987224
OAS,2,63,0.0
BLA,2,63,0.0
BLC,2,63,0.0
OBL,2,63,0.0
OTH,2,63,0.0
WBI,2,64,1.2853693580501935
WHO,2,64,1.944654748341621
MIX,2,64,0.31256767784320194
IND,2,64,1.266397116602958
PAK,2,64,0.0
BAN,2,64,8.910929793541104
CHI,2,64,20.129073869480496
OAS,2,64,0.0
BLA,2,64,0.0
BLC,2,64,0.0
OBL,2,64,0.0
OTH,2,64,0.0
WBI,2,65,1.6790433680803267
WHO,2,65,2.7082874665928425
MIX,2,65,0.8110633218693103
IND,2,65,1.8450504807436356
PAK,2,65,0.0
BAN,2,65,12.525141789239436
CHI,2,65,29.03549775567789
OAS,2,65,0.0
BLA,2,65,0.0
BLC,2,65,0.0
OBL,2,65,0.0
OTH,2,65,0.0
WBI,2,66,1.3897166860099874
WHO,2,66,0.21438632835375918
MIX,2,66,0.479049096542692
IND,2,66,0.9960426759798549
PAK,2,66,0.0
BAN,2,66,6.659636192808542
CHI,2,66,9.275433982346115
OAS,2,66,0.0
BLA,2,66,0.0
BLC,2,66,0.0
OBL,2,66,0.0
OTH,2,66,3.5335799695475787
WBI,2,67,1.1051330643014579
WHO,2,67,0.17976198771255472
MIX,2,67,0.40173721264520806
IND,2,67,0.877466166934634
PAK,2,67,0.0
BAN,2,67,6.011212410745658
CHI,2,67,8.762329712405634
OAS,2,67,0.0
BLA,2,67,0.0
BLC,2,67,0.0
OBL,2,67,0.0
OTH,2,67,3.258482468562667
WBI,2,68,1.351772203115517
WHO,2,68,0.5264797001607804
MIX,2,68,1.152563667919546
IND,2,68,1.0007857363416637
PAK,2,68,0.0
BAN,2,68,6.329187177401324
CHI,2,68,10.783774608004942
OAS,2,68,0.0
BLA,2,68,0.0
BLC,2,68,0.0
OBL,2,68,0.0
OTH,2,68,3.765989927276213
WBI,2,69,0.958098193085384
WHO,2,69,0.33533436757988433
MIX,2,69,0.7256882353567512
IND,2,69,0.706715993909516
PAK,2,69,0.0
BAN,2,69,4.401560015758595
CHI,2,69,8.498662986892683
OAS,2,69,0.0
BLA,2,69,0.0
BLC,2,69,0.0
OBL,2,69,0.0
OTH,2,69,3.462434064120447
WBI,2,70,1.2616540562411493
WHO,2,70,0.3007100269386799
MIX,2,70,0.7256882353567512
IND,2,70,0.8442647444019723
PAK,2,70,0.0
BAN,2,70,4.806143064620889
CHI,2,70,9.549061134618865
OAS,2,70,0.0
BLA,2,70,0.0
BLC,2,70,0.0
OBL,2,70,0.0
OTH,2,70,3.362829796522462
WBI,2,71,1.124105305748693
WHO,2,71,0.21580924646230185
MIX,2,71,0.5501950019698244
IND,2,71,0.8015772011456923
PAK,2,71,0.0
BAN,2,71,3.89405255704505
CHI,2,71,8.95228927989608
OAS,2,71,0.0
BLA,2,71,0.0
BLC,2,71,0.0
OBL,2,71,0.0
OTH,2,71,3.4434618226732105
WBI,2,72,1.3185707805828553
WHO,2,72,0.24711344485024012
MIX,2,72,0.7541465975276042
IND,2,72,0.8916953480200602
PAK,2,72,0.0
BAN,2,72,4.3351571706932726
CHI,2,72,9.753297313798354
OAS,2,72,0.0
BLA,2,72,0.0
BLC,2,72,0.0
OBL,2,72,0.0
OTH,2,72,3.922510919215904
WBI,2,73,1.152563667919546
WHO,2,73,0.33533436757988433
MIX,2,73,1.1098761246632667
IND,2,73,0.8300355633165454
PAK,2,73,0.0
BAN,2,73,4.216580661648051
CHI,2,73,8.891198662435981
OAS,2,73,0.0
BLA,2,73,0.0
BLC,2,73,0.0
OBL,2,73,0.0
OTH,2,73,3.391288158693315
WBI,2,74,1.1098761246632667
WHO,2,74,0.18403074203818268
MIX,2,74,0.678257631738663
IND,2,74,0.8964384083818691
PAK,2,74,0.0
BAN,2,74,5.6086214472353255
CHI,2,74,8.741792261039006
OAS,2,74,0.0
BLA,2,74,0.0
BLC,2,74,0.0
OBL,2,74,0.0
OTH,2,74,4.4584767401003
WBI,2,75,0.8822092272964428
WHO,2,75,0.30213294504722255
MIX,2,75,1.0292440985125164
IND,2,75,0.7019729335477071
PAK,2,75,0.0
BAN,2,75,4.401560015758595
CHI,2,75,7.32195714173153
OAS,2,75,0.0
BLA,2,75,0.0
BLC,2,75,0.0
OBL,2,75,0.0
OTH,2,75,3.0165863901104166
WBI,2,76,1.2426818147939138
WHO,2,76,0.24663913881405924
MIX,2,76,0.8395216840401631
IND,2,76,1.0387302192361338
PAK,2,76,0.0
BAN,2,76,5.589981220013416
CHI,2,76,10.890635757956494
OAS,2,76,0.0
BLA,2,76,0.0
BLC,2,76,0.0
OBL,2,76,0.0
OTH,2,76,4.107490273326448
WBI,2,77,1.4750917725225465
WHO,2,77,0.1973113110512474
MIX,2,77,0.6308270281205747
IND,2,77,1.3043415994974286
PAK,2,77,0.0
BAN,2,77,9.275149398724405
CHI,2,77,13.700709299913752
OAS,2,77,0.0
BLA,2,77,0.0
BLC,2,77,0.0
OBL,2,77,0.0
OTH,2,77,6.058453291949275
WBI,2,78,0.8347786236783544
WHO,2,78,0.13470291427537082
MIX,2,78,0.47430603618088313
IND,2,78,0.7826049596984571
PAK,2,78,0.0
BAN,2,78,5.402250890893023
CHI,2,78,7.732895891478646
OAS,2,78,0.0
BLA,2,78,0.0
BLC,2,78,0.0
OBL,2,78,0.0
OTH,2,78,3.794448289447065
WBI,2,79,1.6316127644622378
WHO,2,79,0.6118547866733393
MIX,2,79,2.0063145330451353
IND,2,79,1.5557237986732966
PAK,2,79,0.0
BAN,2,79,12.308573653119245
CHI,2,79,15.515641347359905
OAS,2,79,0.0
BLA,2,79,0.0
BLC,2,79,0.0
OBL,2,79,0.0
OTH,2,79,6.638150129369549
WBI,2,80,1.7407031527838415
WHO,2,80,0.34102604001405495
MIX,2,80,1.1146191850250753
IND,2,80,1.939911687979812
PAK,2,80,0.0
BAN,2,80,19.518831723330177
CHI,2,80,19.53211229234324
OAS,2,80,0.0
BLA,2,80,0.0
BLC,2,80,0.0
OBL,2,80,0.0
OTH,2,80,8.215597144499931
WBI,2,81,1.939911687979812
WHO,2,81,1.494064013969782
MIX,2,81,1.5984113419295762
IND,2,81,0.592882545226104
PAK,2,81,0.0
BAN,2,81,0.0
CHI,2,81,26.24050714567118
OAS,2,81,0.0
BLA,2,81,0.0
BLC,2,81,0.0
OBL,2,81,0.0
OTH,2,81,0.0
WBI,2,82,1.494064013969782
WHO,2,82,1.1098761246632667
MIX,2,82,0.7162021146331334
IND,2,82,0.2480620569226019
PAK,2,82,0.0
BAN,2,82,0.0
CHI,2,82,21.833634902307363
OAS,2,82,0.0
BLA,2,82,0.0
BLC,2,82,0.0
OBL,2,82,0.0
OTH,2,82,0.0
WBI,2,83,2.6893152251456076
WHO,2,83,2.0727173781104593
MIX,2,83,2.3810163016280335
IND,2,83,0.8869522876582515
PAK,2,83,0.0
BAN,2,83,0.0
CHI,2,83,34.10824824323605
OAS,2,83,0.0
BLA,2,83,0.0
BLC,2,83,0.0
OBL,2,83,0.0
OTH,2,83,0.0
WBI,2,84,2.1248910420903564
WHO,2,84,1.5414946175878705
MIX,2,84,1.6932725491657532
IND,2,84,0.6403131488441924
PAK,2,84,0.0
BAN,2,84,0.0
CHI,2,84,38.922549371679246
OAS,2,84,0.0
BLA,2,84,0.0
BLC,2,84,0.0
OBL,2,84,0.0
OTH,2,84,0.0
WBI,2,85,2.6655999233365635
WHO,2,85,2.0395159555777975
MIX,2,85,2.9691557864923284
IND,2,85,1.2047373318994432
PAK,2,85,0.0
BAN,2,85,0.0
CHI,2,85,42.15100826815167
OAS,2,85,0.0
BLA,2,85,0.0
BLC,2,85,0.0
OBL,2,85,0.0
OTH,2,85,0.0
WBI,2,86,2.7604611305727396
WHO,2,86,2.2529536718591947
MIX,2,86,2.660856862974755
IND,2,86,1.1999942715376344
PAK,2,86,0.0
BAN,2,86,0.0
CHI,2,86,51.597998743784416
OAS,2,86,0.0
BLA,2,86,0.0
BLC,2,86,0.0
OBL,2,86,0.0
OTH,2,86,0.0
