DC1117EW_C_SEX,DC1117EW_C_AGE,NewEthpop_ETH,Rate
1,1,WBI,0.002893479
1,2,WBI,0.000292004
1,3,WBI,0.000188233
1,4,WBI,0.00014786200000000002
1,5,WBI,0.000224462
1,6,WBI,0.000296417
1,7,WBI,0.000308657
1,8,WBI,0.000311404
1,9,WBI,0.000222632
1,10,WBI,0.000145261
1,11,WBI,0.000129247
1,12,WBI,0.000130298
1,13,WBI,0.00015287799999999998
1,14,WBI,0.000184726
1,15,WBI,0.000202205
1,16,WBI,0.00023826099999999997
1,17,WBI,0.000373548
1,18,WBI,0.0005167819999999999
1,19,WBI,0.000610159
1,20,WBI,0.0006041919999999999
1,21,WBI,0.000521236
1,22,WBI,0.000524554
1,23,WBI,0.000516292
1,24,WBI,0.000556587
1,25,WBI,0.000535757
1,26,WBI,0.00041866099999999997
1,27,WBI,0.000457905
1,28,WBI,0.00049863
1,29,WBI,0.000546533
1,30,WBI,0.000609671
1,31,WBI,0.0006556260000000001
1,32,WBI,0.0007070239999999999
1,33,WBI,0.000812953
1,34,WBI,0.000970675
1,35,WBI,0.0010556110000000001
1,36,WBI,0.001076924
1,37,WBI,0.001112916
1,38,WBI,0.001149464
1,39,WBI,0.001152651
1,40,WBI,0.001350246
1,41,WBI,0.0015235560000000001
1,42,WBI,0.0015377320000000002
1,43,WBI,0.001627977
1,44,WBI,0.001674325
1,45,WBI,0.001907633
1,46,WBI,0.0022579429999999997
1,47,WBI,0.002492677
1,48,WBI,0.0027626659999999996
1,49,WBI,0.0031244379999999998
1,50,WBI,0.00321066
1,51,WBI,0.00335601
1,52,WBI,0.003939865999999999
1,53,WBI,0.004683988
1,54,WBI,0.00566138
1,55,WBI,0.006634757
1,56,WBI,0.007649736999999999
1,57,WBI,0.008582915
1,58,WBI,0.009170465
1,59,WBI,0.009680031
1,60,WBI,0.01039666
1,61,WBI,0.011617981000000001
1,62,WBI,0.012917878999999998
1,63,WBI,0.013475485
1,64,WBI,0.013332598999999999
1,65,WBI,0.015276032
1,66,WBI,0.018449636000000002
1,67,WBI,0.020214063
1,68,WBI,0.022366808
1,69,WBI,0.02687515
1,70,WBI,0.030073261
1,71,WBI,0.030717661
1,72,WBI,0.032380064
1,73,WBI,0.034633838
1,74,WBI,0.038441621
1,75,WBI,0.041731934
1,76,WBI,0.044071368
1,77,WBI,0.048981668
1,78,WBI,0.054668519000000006
1,79,WBI,0.060312690999999995
1,80,WBI,0.06091590400000001
1,81,WBI,0.067752861
1,82,WBI,0.075357171
1,83,WBI,0.083814958
1,84,WBI,0.093222013
1,85,WBI,0.10368487800000001
1,86,WBI,0.171349723
1,1,WHO,0.002997974
1,2,WHO,0.00028938
1,3,WHO,0.00018554900000000002
1,4,WHO,0.00013764700000000002
1,5,WHO,0.00022628400000000002
1,6,WHO,0.00030508200000000003
1,7,WHO,0.00031189099999999996
1,8,WHO,0.00030641
1,9,WHO,0.000217962
1,10,WHO,0.000146112
1,11,WHO,0.00012743700000000002
1,12,WHO,0.00013419999999999998
1,13,WHO,0.000156469
1,14,WHO,0.000182888
1,15,WHO,0.000195608
1,16,WHO,0.00022543299999999998
1,17,WHO,0.000350395
1,18,WHO,0.000501985
1,19,WHO,0.0005657030000000001
1,20,WHO,0.000517247
1,21,WHO,0.000450844
1,22,WHO,0.00045798599999999996
1,23,WHO,0.000448296
1,24,WHO,0.00047259300000000005
1,25,WHO,0.00044844800000000005
1,26,WHO,0.00035937400000000003
1,27,WHO,0.00038361900000000003
1,28,WHO,0.00041186699999999995
1,29,WHO,0.00045071900000000003
1,30,WHO,0.000489151
1,31,WHO,0.000528431
1,32,WHO,0.000581437
1,33,WHO,0.000664159
1,34,WHO,0.000767772
1,35,WHO,0.00084924
1,36,WHO,0.000919016
1,37,WHO,0.000939968
1,38,WHO,0.000970101
1,39,WHO,0.001007352
1,40,WHO,0.00121575
1,41,WHO,0.001394074
1,42,WHO,0.00142708
1,43,WHO,0.001542502
1,44,WHO,0.001610044
1,45,WHO,0.001880905
1,46,WHO,0.0022261810000000003
1,47,WHO,0.002417606
1,48,WHO,0.002722526
1,49,WHO,0.0031164170000000002
1,50,WHO,0.0031741390000000003
1,51,WHO,0.003378527
1,52,WHO,0.004023181
1,53,WHO,0.004717512
1,54,WHO,0.00564481
1,55,WHO,0.006544709
1,56,WHO,0.007603672
1,57,WHO,0.008656401999999999
1,58,WHO,0.009284576
1,59,WHO,0.009690439
1,60,WHO,0.010305459
1,61,WHO,0.01152151
1,62,WHO,0.012739325
1,63,WHO,0.013300015
1,64,WHO,0.013178781
1,65,WHO,0.01500724
1,66,WHO,0.018099221000000002
1,67,WHO,0.019836479
1,68,WHO,0.021842583
1,69,WHO,0.026137984
1,70,WHO,0.029186483
1,71,WHO,0.029760231
1,72,WHO,0.031325643
1,73,WHO,0.033456835
1,74,WHO,0.037059677
1,75,WHO,0.040172119
1,76,WHO,0.042395376
1,77,WHO,0.047014362000000004
1,78,WHO,0.052520004
1,79,WHO,0.058082402000000005
1,80,WHO,0.059299662
1,81,WHO,0.065907595
1,82,WHO,0.07325187
1,83,WHO,0.081414538
1,84,WHO,0.090486795
1,85,WHO,0.10057000099999999
1,86,WHO,0.17493402100000002
1,1,MIX,0.003094598
1,2,MIX,0.000290069
1,3,MIX,0.000190759
1,4,MIX,0.000141406
1,5,MIX,0.00022350099999999997
1,6,MIX,0.00029677
1,7,MIX,0.000301857
1,8,MIX,0.000304986
1,9,MIX,0.000218354
1,10,MIX,0.000138733
1,11,MIX,0.000124422
1,12,MIX,0.00013241700000000002
1,13,MIX,0.000154286
1,14,MIX,0.00017675900000000002
1,15,MIX,0.000188779
1,16,MIX,0.00021345
1,17,MIX,0.000331933
1,18,MIX,0.000468135
1,19,MIX,0.00052968
1,20,MIX,0.000497268
1,21,MIX,0.00043935199999999995
1,22,MIX,0.00044546099999999997
1,23,MIX,0.00042705900000000003
1,24,MIX,0.000458654
1,25,MIX,0.000430593
1,26,MIX,0.00033151199999999995
1,27,MIX,0.000361576
1,28,MIX,0.000391048
1,29,MIX,0.000426879
1,30,MIX,0.00047268300000000005
1,31,MIX,0.000510765
1,32,MIX,0.000552097
1,33,MIX,0.000642806
1,34,MIX,0.000770023
1,35,MIX,0.000873045
1,36,MIX,0.000938655
1,37,MIX,0.000955833
1,38,MIX,0.001014067
1,39,MIX,0.0010671189999999998
1,40,MIX,0.0012679310000000001
1,41,MIX,0.0014377029999999998
1,42,MIX,0.0014909
1,43,MIX,0.001625581
1,44,MIX,0.001669185
1,45,MIX,0.001964104
1,46,MIX,0.002349165
1,47,MIX,0.0025494420000000003
1,48,MIX,0.0028534470000000003
1,49,MIX,0.0032392809999999997
1,50,MIX,0.003249565
1,51,MIX,0.003446537
1,52,MIX,0.004145421
1,53,MIX,0.004819885
1,54,MIX,0.005781343
1,55,MIX,0.006830674
1,56,MIX,0.007874645999999999
1,57,MIX,0.008828057
1,58,MIX,0.009496604
1,59,MIX,0.009908726999999999
1,60,MIX,0.010660928
1,61,MIX,0.012073299
1,62,MIX,0.013418365
1,63,MIX,0.014088306
1,64,MIX,0.013901896
1,65,MIX,0.015652695
1,66,MIX,0.018837037
1,67,MIX,0.020747009
1,68,MIX,0.022819427000000003
1,69,MIX,0.027145305
1,70,MIX,0.030445625
1,71,MIX,0.031293457999999996
1,72,MIX,0.032953703
1,73,MIX,0.034969649
1,74,MIX,0.038716753
1,75,MIX,0.042141039000000005
1,76,MIX,0.044031705
1,77,MIX,0.048432975
1,78,MIX,0.053924899000000005
1,79,MIX,0.059449213
1,80,MIX,0.059823449
1,81,MIX,0.066502753
1,82,MIX,0.073927803
1,83,MIX,0.08218186200000001
1,84,MIX,0.091357489
1,85,MIX,0.101557576
1,86,MIX,0.16541562
1,1,IND,0.0033980840000000004
1,2,IND,0.000304321
1,3,IND,0.000189225
1,4,IND,0.00014353
1,5,IND,0.00024478200000000003
1,6,IND,0.000313263
1,7,IND,0.00029990700000000003
1,8,IND,0.000304203
1,9,IND,0.000220237
1,10,IND,0.000145261
1,11,IND,0.000131843
1,12,IND,0.00013152200000000002
1,13,IND,0.00014995
1,14,IND,0.000178189
1,15,IND,0.00018182900000000002
1,16,IND,0.00018980400000000001
1,17,IND,0.000281128
1,18,IND,0.0004203
1,19,IND,0.00047762300000000004
1,20,IND,0.00041523
1,21,IND,0.00038946099999999996
1,22,IND,0.000415106
1,23,IND,0.000391336
1,24,IND,0.00044353
1,25,IND,0.00042292400000000003
1,26,IND,0.000326027
1,27,IND,0.000347872
1,28,IND,0.00035926199999999995
1,29,IND,0.000413697
1,30,IND,0.00046756099999999996
1,31,IND,0.000502514
1,32,IND,0.00055134
1,33,IND,0.000646434
1,34,IND,0.00079061
1,35,IND,0.000899206
1,36,IND,0.0009668319999999999
1,37,IND,0.000986307
1,38,IND,0.00101336
1,39,IND,0.0010575860000000001
1,40,IND,0.001301228
1,41,IND,0.0014668510000000001
1,42,IND,0.001498024
1,43,IND,0.0016061920000000002
1,44,IND,0.001620699
1,45,IND,0.001905465
1,46,IND,0.00225263
1,47,IND,0.002491498
1,48,IND,0.0028938109999999996
1,49,IND,0.00328762
1,50,IND,0.0032965000000000004
1,51,IND,0.003572802
1,52,IND,0.00422685
1,53,IND,0.004985655
1,54,IND,0.006057384
1,55,IND,0.007065659
1,56,IND,0.007871416
1,57,IND,0.008575738000000001
1,58,IND,0.009214394
1,59,IND,0.00963002
1,60,IND,0.010629783
1,61,IND,0.012293188
1,62,IND,0.013616935
1,63,IND,0.014169303000000001
1,64,IND,0.013989796
1,65,IND,0.015864371000000002
1,66,IND,0.019122049
1,67,IND,0.020917023
1,68,IND,0.023085151
1,69,IND,0.027589379
1,70,IND,0.030570733
1,71,IND,0.031060275
1,72,IND,0.032664677999999996
1,73,IND,0.034906865
1,74,IND,0.038545428
1,75,IND,0.041559228999999996
1,76,IND,0.043879098
1,77,IND,0.048539152
1,78,IND,0.053910709
1,79,IND,0.059640447
1,80,IND,0.059372884
1,81,IND,0.065909518
1,82,IND,0.073165799
1,83,IND,0.08122095900000001
1,84,IND,0.090162948
1,85,IND,0.100089401
1,86,IND,0.13632154900000001
1,1,PAK,0.003802679
1,2,PAK,0.000309983
1,3,PAK,0.000196763
1,4,PAK,0.00015536
1,5,PAK,0.000231152
1,6,PAK,0.000293465
1,7,PAK,0.000295949
1,8,PAK,0.00031407
1,9,PAK,0.00023003400000000003
1,10,PAK,0.00013296600000000001
1,11,PAK,0.00011217700000000001
1,12,PAK,0.000120815
1,13,PAK,0.000144893
1,14,PAK,0.000156969
1,15,PAK,0.000188333
1,16,PAK,0.00023466400000000002
1,17,PAK,0.000342419
1,18,PAK,0.00048204
1,19,PAK,0.000549386
1,20,PAK,0.000501915
1,21,PAK,0.000421006
1,22,PAK,0.00042157699999999997
1,23,PAK,0.00042227800000000005
1,24,PAK,0.000486376
1,25,PAK,0.000452844
1,26,PAK,0.000349121
1,27,PAK,0.000381227
1,28,PAK,0.00039382699999999997
1,29,PAK,0.000456996
1,30,PAK,0.000551363
1,31,PAK,0.000592181
1,32,PAK,0.000625973
1,33,PAK,0.000700164
1,34,PAK,0.0008238239999999999
1,35,PAK,0.000941403
1,36,PAK,0.001055411
1,37,PAK,0.001122757
1,38,PAK,0.001149115
1,39,PAK,0.001186332
1,40,PAK,0.0014098379999999998
1,41,PAK,0.001575687
1,42,PAK,0.0015978639999999998
1,43,PAK,0.0017798179999999999
1,44,PAK,0.001811066
1,45,PAK,0.002106646
1,46,PAK,0.002596652
1,47,PAK,0.0028800690000000003
1,48,PAK,0.003224832
1,49,PAK,0.003638051
1,50,PAK,0.0036897690000000003
1,51,PAK,0.003843671
1,52,PAK,0.004395133
1,53,PAK,0.005222274
1,54,PAK,0.006503289000000001
1,55,PAK,0.007655899999999999
1,56,PAK,0.008520336
1,57,PAK,0.009719407
1,58,PAK,0.010685456999999999
1,59,PAK,0.010947581000000001
1,60,PAK,0.011794684
1,61,PAK,0.01345043
1,62,PAK,0.014959885
1,63,PAK,0.01552112
1,64,PAK,0.015392174
1,65,PAK,0.017557786000000002
1,66,PAK,0.021016681000000002
1,67,PAK,0.02277963
1,68,PAK,0.024825956
1,69,PAK,0.029682119
1,70,PAK,0.033216625
1,71,PAK,0.033737612
1,72,PAK,0.03527247
1,73,PAK,0.0376309
1,74,PAK,0.041688415
1,75,PAK,0.044895994
1,76,PAK,0.047170243
1,77,PAK,0.052206027
1,78,PAK,0.057905942
1,79,PAK,0.063864715
1,80,PAK,0.064060813
1,81,PAK,0.070991028
1,82,PAK,0.07867096700000001
1,83,PAK,0.087181736
1,84,PAK,0.096613215
1,85,PAK,0.107065008
1,86,PAK,0.145053924
1,1,BAN,0.003618287
1,2,BAN,0.000283981
1,3,BAN,0.00018167
1,4,BAN,0.00014696799999999998
1,5,BAN,0.000221483
1,6,BAN,0.000328689
1,7,BAN,0.00035508
1,8,BAN,0.000333495
1,9,BAN,0.000274526
1,10,BAN,0.00018028
1,11,BAN,0.000122158
1,12,BAN,0.00013694
1,13,BAN,0.000158813
1,14,BAN,0.00016655200000000001
1,15,BAN,0.000183178
1,16,BAN,0.00022481400000000002
1,17,BAN,0.00032538900000000004
1,18,BAN,0.000507967
1,19,BAN,0.000598719
1,20,BAN,0.000493187
1,21,BAN,0.00041649300000000004
1,22,BAN,0.000400307
1,23,BAN,0.000401863
1,24,BAN,0.00045007699999999995
1,25,BAN,0.000393222
1,26,BAN,0.00032971
1,27,BAN,0.00034304800000000004
1,28,BAN,0.000338517
1,29,BAN,0.000404583
1,30,BAN,0.000468639
1,31,BAN,0.000519088
1,32,BAN,0.000573268
1,33,BAN,0.0006377980000000001
1,34,BAN,0.000747395
1,35,BAN,0.000833712
1,36,BAN,0.0009103739999999999
1,37,BAN,0.00096363
1,38,BAN,0.001038206
1,39,BAN,0.001113039
1,40,BAN,0.001264141
1,41,BAN,0.001419341
1,42,BAN,0.0015352879999999999
1,43,BAN,0.0016487770000000001
1,44,BAN,0.0017147579999999998
1,45,BAN,0.0020973420000000003
1,46,BAN,0.002498448
1,47,BAN,0.0027965209999999997
1,48,BAN,0.003066553
1,49,BAN,0.003417175
1,50,BAN,0.003676242
1,51,BAN,0.003900555
1,52,BAN,0.00447524
1,53,BAN,0.004889846
1,54,BAN,0.005896203
1,55,BAN,0.007529659
1,56,BAN,0.008775959
1,57,BAN,0.009635775
1,58,BAN,0.010715523000000001
1,59,BAN,0.011215077
1,60,BAN,0.011722558000000001
1,61,BAN,0.013300743
1,62,BAN,0.014670146
1,63,BAN,0.015354095
1,64,BAN,0.015005553999999999
1,65,BAN,0.017079103999999998
1,66,BAN,0.020833348
1,67,BAN,0.022570566
1,68,BAN,0.024790337000000003
1,69,BAN,0.02985666
1,70,BAN,0.033365397000000005
1,71,BAN,0.033955209
1,72,BAN,0.035671492
1,73,BAN,0.038014308
1,74,BAN,0.041999407
1,75,BAN,0.045221927
1,76,BAN,0.0473667
1,77,BAN,0.05222382
1,78,BAN,0.05798940599999999
1,79,BAN,0.064176433
1,80,BAN,0.06374673900000001
1,81,BAN,0.070467818
1,82,BAN,0.07789752700000001
1,83,BAN,0.08611058099999999
1,84,BAN,0.09518957
1,85,BAN,0.105225795
1,86,BAN,0.160222187
1,1,CHI,0.003159692
1,2,CHI,0.000273455
1,3,CHI,0.00018079400000000002
1,4,CHI,0.000135848
1,5,CHI,0.000219327
1,6,CHI,0.00029621
1,7,CHI,0.00029565099999999997
1,8,CHI,0.000289598
1,9,CHI,0.00021014
1,10,CHI,0.000133215
1,11,CHI,0.000119118
1,12,CHI,0.000124979
1,13,CHI,0.000150348
1,14,CHI,0.000183014
1,15,CHI,0.000191595
1,16,CHI,0.00022172
1,17,CHI,0.000348163
1,18,CHI,0.000469113
1,19,CHI,0.0005040590000000001
1,20,CHI,0.000444924
1,21,CHI,0.00038040199999999995
1,22,CHI,0.000396445
1,23,CHI,0.00039481300000000004
1,24,CHI,0.00044384
1,25,CHI,0.000426799
1,26,CHI,0.000335626
1,27,CHI,0.00036754400000000003
1,28,CHI,0.000388624
1,29,CHI,0.00043287400000000003
1,30,CHI,0.0005011130000000001
1,31,CHI,0.000543473
1,32,CHI,0.00059381
1,33,CHI,0.000675716
1,34,CHI,0.000779225
1,35,CHI,0.000904865
1,36,CHI,0.0010031
1,37,CHI,0.001031605
1,38,CHI,0.001082029
1,39,CHI,0.001104201
1,40,CHI,0.001306726
1,41,CHI,0.0015066670000000002
1,42,CHI,0.001548608
1,43,CHI,0.001675482
1,44,CHI,0.0017405510000000001
1,45,CHI,0.002016024
1,46,CHI,0.00237923
1,47,CHI,0.002573498
1,48,CHI,0.0028512259999999997
1,49,CHI,0.0032751359999999997
1,50,CHI,0.0033368340000000003
1,51,CHI,0.0034906890000000004
1,52,CHI,0.004137775
1,53,CHI,0.004825241
1,54,CHI,0.005778675
1,55,CHI,0.006767662
1,56,CHI,0.007890185
1,57,CHI,0.009001822
1,58,CHI,0.009586485
1,59,CHI,0.009978209
1,60,CHI,0.010859418000000001
1,61,CHI,0.012266785
1,62,CHI,0.013584182
1,63,CHI,0.014218851999999999
1,64,CHI,0.014046467
1,65,CHI,0.01591234
1,66,CHI,0.019086646999999998
1,67,CHI,0.021150844
1,68,CHI,0.023464657000000003
1,69,CHI,0.027950057
1,70,CHI,0.031116718999999998
1,71,CHI,0.032031356000000004
1,72,CHI,0.034017522
1,73,CHI,0.03628061
1,74,CHI,0.039878734
1,75,CHI,0.043240466
1,76,CHI,0.045682925
1,77,CHI,0.050168755
1,78,CHI,0.05617659
1,79,CHI,0.061976147999999995
1,80,CHI,0.06151812
1,81,CHI,0.068283062
1,82,CHI,0.075791922
1,83,CHI,0.084126505
1,84,CHI,0.093377615
1,85,CHI,0.10364603800000001
1,86,CHI,0.199841713
1,1,OAS,0.003261578
1,2,OAS,0.000298417
1,3,OAS,0.000191872
1,4,OAS,0.000139796
1,5,OAS,0.00023674700000000002
1,6,OAS,0.000308691
1,7,OAS,0.000303748
1,8,OAS,0.000317194
1,9,OAS,0.00022936200000000002
1,10,OAS,0.000139203
1,11,OAS,0.000124125
1,12,OAS,0.000131877
1,13,OAS,0.00015342899999999998
1,14,OAS,0.000176667
1,15,OAS,0.00018214200000000002
1,16,OAS,0.000202823
1,17,OAS,0.00030942700000000003
1,18,OAS,0.00044927
1,19,OAS,0.000514355
1,20,OAS,0.00046124800000000004
1,21,OAS,0.00040551
1,22,OAS,0.000423062
1,23,OAS,0.000400781
1,24,OAS,0.00043150800000000004
1,25,OAS,0.000409776
1,26,OAS,0.000318009
1,27,OAS,0.00034170800000000003
1,28,OAS,0.000366738
1,29,OAS,0.000405368
1,30,OAS,0.000450498
1,31,OAS,0.000497367
1,32,OAS,0.000549142
1,33,OAS,0.00063069
1,34,OAS,0.0007389639999999999
1,35,OAS,0.000852841
1,36,OAS,0.0009336739999999999
1,37,OAS,0.000956314
1,38,OAS,0.000998342
1,39,OAS,0.001018471
1,40,OAS,0.0012134239999999998
1,41,OAS,0.001387571
1,42,OAS,0.001419462
1,43,OAS,0.001536474
1,44,OAS,0.0015898610000000001
1,45,OAS,0.0018601029999999999
1,46,OAS,0.002181999
1,47,OAS,0.00239944
1,48,OAS,0.0027494520000000003
1,49,OAS,0.00313729
1,50,OAS,0.003124424
1,51,OAS,0.0034047229999999997
1,52,OAS,0.004071047
1,53,OAS,0.004754527
1,54,OAS,0.005708058
1,55,OAS,0.006635076
1,56,OAS,0.007680526
1,57,OAS,0.008658659
1,58,OAS,0.009269248
1,59,OAS,0.009547579
1,60,OAS,0.010351964
1,61,OAS,0.011806097
1,62,OAS,0.013108125
1,63,OAS,0.013703271999999999
1,64,OAS,0.013462081
1,65,OAS,0.015272903999999999
1,66,OAS,0.018401501
1,67,OAS,0.020135727
1,68,OAS,0.022203177999999997
1,69,OAS,0.026557446000000002
1,70,OAS,0.029666552000000002
1,71,OAS,0.030179201
1,72,OAS,0.031810072
1,73,OAS,0.034012763
1,74,OAS,0.037528609
1,75,OAS,0.040767982
1,76,OAS,0.042761302
1,77,OAS,0.047192667
1,78,OAS,0.05283434
1,79,OAS,0.058253505
1,80,OAS,0.057809688
1,81,OAS,0.064292088
1,82,OAS,0.071501383
1,83,OAS,0.07951908099999999
1,84,OAS,0.08843583199999999
1,85,OAS,0.09835244800000001
1,86,OAS,0.147594597
1,1,BLA,0.0032156059999999998
1,2,BLA,0.000281542
1,3,BLA,0.000192312
1,4,BLA,0.00013927200000000002
1,5,BLA,0.00021945
1,6,BLA,0.000286034
1,7,BLA,0.000280921
1,8,BLA,0.00028024
1,9,BLA,0.000205745
1,10,BLA,0.000137148
1,11,BLA,0.00011976700000000001
1,12,BLA,0.000125819
1,13,BLA,0.000150813
1,14,BLA,0.000173057
1,15,BLA,0.000188811
1,16,BLA,0.000219067
1,17,BLA,0.000320374
1,18,BLA,0.00046381300000000004
1,19,BLA,0.0005094219999999999
1,20,BLA,0.00046697199999999996
1,21,BLA,0.000434384
1,22,BLA,0.000421145
1,23,BLA,0.000385254
1,24,BLA,0.00041967800000000004
1,25,BLA,0.00041280099999999997
1,26,BLA,0.000323643
1,27,BLA,0.000345365
1,28,BLA,0.00037018699999999996
1,29,BLA,0.000412163
1,30,BLA,0.000477941
1,31,BLA,0.00051911
1,32,BLA,0.0005616369999999999
1,33,BLA,0.000646257
1,34,BLA,0.000743884
1,35,BLA,0.000841623
1,36,BLA,0.0009271689999999999
1,37,BLA,0.000976619
1,38,BLA,0.001048269
1,39,BLA,0.00108396
1,40,BLA,0.001282897
1,41,BLA,0.001441802
1,42,BLA,0.001499892
1,43,BLA,0.0016757710000000002
1,44,BLA,0.0017368610000000001
1,45,BLA,0.002037305
1,46,BLA,0.002428692
1,47,BLA,0.002575245
1,48,BLA,0.002890919
1,49,BLA,0.003384566
1,50,BLA,0.003371582
1,51,BLA,0.003608663
1,52,BLA,0.004426354
1,53,BLA,0.005046385
1,54,BLA,0.006070855
1,55,BLA,0.007172255
1,56,BLA,0.008169275
1,57,BLA,0.009323897
1,58,BLA,0.010106253
1,59,BLA,0.010390247
1,60,BLA,0.011363883
1,61,BLA,0.013194365
1,62,BLA,0.014497834
1,63,BLA,0.014993059
1,64,BLA,0.014872538000000001
1,65,BLA,0.017000048
1,66,BLA,0.020442186
1,67,BLA,0.02217106
1,68,BLA,0.024340109
1,69,BLA,0.029184592999999998
1,70,BLA,0.03262095
1,71,BLA,0.033024862
1,72,BLA,0.034454527
1,73,BLA,0.036634161
1,74,BLA,0.040412155
1,75,BLA,0.043385371
1,76,BLA,0.04542791
1,77,BLA,0.05030765
1,78,BLA,0.055087719
1,79,BLA,0.060384413
1,80,BLA,0.060974028
1,81,BLA,0.067542738
1,82,BLA,0.074819093
1,83,BLA,0.082879327
1,84,BLA,0.09180788699999999
1,85,BLA,0.10169831800000001
1,86,BLA,0.156466186
1,1,BLC,0.003383493
1,2,BLC,0.000275034
1,3,BLC,0.000183306
1,4,BLC,0.000134755
1,5,BLC,0.000201012
1,6,BLC,0.000263933
1,7,BLC,0.000268135
1,8,BLC,0.000266072
1,9,BLC,0.00019531599999999998
1,10,BLC,0.00013002
1,11,BLC,0.00011991700000000001
1,12,BLC,0.000128195
1,13,BLC,0.000143876
1,14,BLC,0.00015954
1,15,BLC,0.000182218
1,16,BLC,0.000212582
1,17,BLC,0.000315782
1,18,BLC,0.000473932
1,19,BLC,0.00051731
1,20,BLC,0.000459328
1,21,BLC,0.00044018599999999996
1,22,BLC,0.000444386
1,23,BLC,0.000391759
1,24,BLC,0.000415629
1,25,BLC,0.000401395
1,26,BLC,0.000304748
1,27,BLC,0.000323271
1,28,BLC,0.000354301
1,29,BLC,0.000378336
1,30,BLC,0.000423394
1,31,BLC,0.00046954
1,32,BLC,0.000506085
1,33,BLC,0.000590489
1,34,BLC,0.000679774
1,35,BLC,0.000792927
1,36,BLC,0.0008946410000000001
1,37,BLC,0.000918144
1,38,BLC,0.001008956
1,39,BLC,0.001050593
1,40,BLC,0.001246238
1,41,BLC,0.0014191479999999999
1,42,BLC,0.00148627
1,43,BLC,0.0016404529999999998
1,44,BLC,0.001668859
1,45,BLC,0.001984035
1,46,BLC,0.00239752
1,47,BLC,0.0026038429999999998
1,48,BLC,0.002965234
1,49,BLC,0.0033783359999999996
1,50,BLC,0.00333408
1,51,BLC,0.003613837
1,52,BLC,0.004360562
1,53,BLC,0.004961882
1,54,BLC,0.00599749
1,55,BLC,0.0071546069999999995
1,56,BLC,0.008048951
1,57,BLC,0.00910243
1,58,BLC,0.010024398
1,59,BLC,0.01032427
1,60,BLC,0.01123476
1,61,BLC,0.013005518
1,62,BLC,0.014382164
1,63,BLC,0.015048273999999999
1,64,BLC,0.014945028
1,65,BLC,0.016839677
1,66,BLC,0.020100309
1,67,BLC,0.021961125
1,68,BLC,0.024322454
1,69,BLC,0.029178639
1,70,BLC,0.032356114
1,71,BLC,0.032809718
1,72,BLC,0.034535185
1,73,BLC,0.036803618999999996
1,74,BLC,0.040593197000000004
1,75,BLC,0.04377675599999999
1,76,BLC,0.045989275999999996
1,77,BLC,0.050893531
1,78,BLC,0.056460105999999996
1,79,BLC,0.062043785
1,80,BLC,0.061321424000000006
1,81,BLC,0.067964099
1,82,BLC,0.075326346
1,83,BLC,0.083486111
1,84,BLC,0.092529788
1,85,BLC,0.102553125
1,86,BLC,0.159914348
1,1,OBL,0.0033402840000000002
1,2,OBL,0.000279418
1,3,OBL,0.00018878
1,4,OBL,0.00013727799999999998
1,5,OBL,0.000212474
1,6,OBL,0.000286458
1,7,OBL,0.000280905
1,8,OBL,0.00027048400000000003
1,9,OBL,0.000200328
1,10,OBL,0.00013135
1,11,OBL,0.00012120100000000001
1,12,OBL,0.000130588
1,13,OBL,0.000146175
1,14,OBL,0.00016397
1,15,OBL,0.000180843
1,16,OBL,0.000206984
1,17,OBL,0.000307542
1,18,OBL,0.000463674
1,19,OBL,0.000519024
1,20,OBL,0.000467829
1,21,OBL,0.000441796
1,22,OBL,0.000445355
1,23,OBL,0.00039529699999999997
1,24,OBL,0.000402615
1,25,OBL,0.000382061
1,26,OBL,0.00029419900000000003
1,27,OBL,0.000309665
1,28,OBL,0.000347837
1,29,OBL,0.00037624800000000003
1,30,OBL,0.000406294
1,31,OBL,0.00044752400000000003
1,32,OBL,0.00048365800000000004
1,33,OBL,0.00056384
1,34,OBL,0.000672933
1,35,OBL,0.000782405
1,36,OBL,0.0008811960000000001
1,37,OBL,0.000900182
1,38,OBL,0.0009728919999999999
1,39,OBL,0.001030387
1,40,OBL,0.001226937
1,41,OBL,0.0014072179999999998
1,42,OBL,0.001506985
1,43,OBL,0.001662885
1,44,OBL,0.0017000589999999999
1,45,OBL,0.0020800289999999997
1,46,OBL,0.002510521
1,47,OBL,0.0026796999999999997
1,48,OBL,0.003057455
1,49,OBL,0.0034804590000000004
1,50,OBL,0.00337766
1,51,OBL,0.003640232
1,52,OBL,0.004433514
1,53,OBL,0.0050828390000000005
1,54,OBL,0.006194815
1,55,OBL,0.007190398000000001
1,56,OBL,0.008030739
1,57,OBL,0.009096205
1,58,OBL,0.009983621
1,59,OBL,0.010491736000000002
1,60,OBL,0.011488953
1,61,OBL,0.0129369
1,62,OBL,0.014037131999999999
1,63,OBL,0.014790803
1,64,OBL,0.014787288
1,65,OBL,0.016530782
1,66,OBL,0.019996426
1,67,OBL,0.022075748
1,68,OBL,0.023898363
1,69,OBL,0.028573299
1,70,OBL,0.031696872
1,71,OBL,0.032517567000000004
1,72,OBL,0.034874828999999996
1,73,OBL,0.036638106000000004
1,74,OBL,0.039672453999999996
1,75,OBL,0.043147564000000006
1,76,OBL,0.045644286
1,77,OBL,0.050070403
1,78,OBL,0.055825277
1,79,OBL,0.061337908
1,80,OBL,0.06064684
1,81,OBL,0.067203019
1,82,OBL,0.074467949
1,83,OBL,0.082518249
1,84,OBL,0.09143882
1,85,OBL,0.10132374300000001
1,86,OBL,0.185581153
1,1,OTH,0.003295093
1,2,OTH,0.000280376
1,3,OTH,0.000182785
1,4,OTH,0.000131106
1,5,OTH,0.000223435
1,6,OTH,0.000315619
1,7,OTH,0.00031684
1,8,OTH,0.000312757
1,9,OTH,0.000223485
1,10,OTH,0.00013539799999999998
1,11,OTH,0.00012284
1,12,OTH,0.00012837
1,13,OTH,0.000147269
1,14,OTH,0.00017961099999999999
1,15,OTH,0.000195952
1,16,OTH,0.000222902
1,17,OTH,0.000320216
1,18,OTH,0.000454621
1,19,OTH,0.000516718
1,20,OTH,0.000456576
1,21,OTH,0.00040897
1,22,OTH,0.000413393
1,23,OTH,0.000391462
1,24,OTH,0.00043109
1,25,OTH,0.00040490599999999996
1,26,OTH,0.00032309
1,27,OTH,0.000353109
1,28,OTH,0.00036774400000000004
1,29,OTH,0.00040103599999999996
1,30,OTH,0.000458111
1,31,OTH,0.000512731
1,32,OTH,0.00056082
1,33,OTH,0.000634234
1,34,OTH,0.0007461289999999999
1,35,OTH,0.000858033
1,36,OTH,0.000947965
1,37,OTH,0.000960044
1,38,OTH,0.000987201
1,39,OTH,0.001036187
1,40,OTH,0.0012714830000000001
1,41,OTH,0.001453606
1,42,OTH,0.001475459
1,43,OTH,0.00159898
1,44,OTH,0.0016758620000000002
1,45,OTH,0.001999294
1,46,OTH,0.002377362
1,47,OTH,0.002561543
1,48,OTH,0.002883195
1,49,OTH,0.003314722
1,50,OTH,0.003337138
1,51,OTH,0.0035317540000000002
1,52,OTH,0.0041691670000000005
1,53,OTH,0.004916958
1,54,OTH,0.005901875
1,55,OTH,0.006751325999999999
1,56,OTH,0.007813131999999999
1,57,OTH,0.008901103
1,58,OTH,0.009625148
1,59,OTH,0.009898788
1,60,OTH,0.010552958000000001
1,61,OTH,0.012085737
1,62,OTH,0.013335271999999999
1,63,OTH,0.01385481
1,64,OTH,0.013751263
1,65,OTH,0.015664896
1,66,OTH,0.018823699
1,67,OTH,0.020477824
1,68,OTH,0.022508102000000002
1,69,OTH,0.027125182999999997
1,70,OTH,0.030143622999999998
1,71,OTH,0.030661499
1,72,OTH,0.032474745
1,73,OTH,0.034360313999999996
1,74,OTH,0.038173709
1,75,OTH,0.04159301
1,76,OTH,0.043111812
1,77,OTH,0.047524547
1,78,OTH,0.053137902
1,79,OTH,0.058447887999999996
1,80,OTH,0.058425313
1,81,OTH,0.06483439
1,82,OTH,0.071946522
1,83,OTH,0.079838833
1,84,OTH,0.088596906
1,85,OTH,0.09831571300000001
1,86,OTH,0.144439597
2,1,WBI,0.002559286
2,2,WBI,0.00017168400000000002
2,3,WBI,0.000135909
2,4,WBI,0.00010689799999999999
2,5,WBI,6.54e-05
2,6,WBI,5.13e-05
2,7,WBI,4.66e-05
2,8,WBI,5.2300000000000004e-05
2,9,WBI,5.47e-05
2,10,WBI,3.71e-05
2,11,WBI,4.57e-05
2,12,WBI,5.9699999999999994e-05
2,13,WBI,5.629999999999999e-05
2,14,WBI,5.9499999999999996e-05
2,15,WBI,0.000102934
2,16,WBI,0.000181137
2,17,WBI,0.00024451700000000003
2,18,WBI,0.000260163
2,19,WBI,0.000227595
2,20,WBI,0.000163569
2,21,WBI,0.000132314
2,22,WBI,0.00014134
2,23,WBI,0.000137484
2,24,WBI,0.00013263
2,25,WBI,0.00016936700000000002
2,26,WBI,0.000243782
2,27,WBI,0.000274741
2,28,WBI,0.000268248
2,29,WBI,0.000302843
2,30,WBI,0.000338772
2,31,WBI,0.00039681199999999997
2,32,WBI,0.000534204
2,33,WBI,0.000597815
2,34,WBI,0.00063945
2,35,WBI,0.000592566
2,36,WBI,0.00048679699999999997
2,37,WBI,0.00046009699999999997
2,38,WBI,0.000462201
2,39,WBI,0.000472841
2,40,WBI,0.000582874
2,41,WBI,0.000746233
2,42,WBI,0.0007718380000000001
2,43,WBI,0.000875274
2,44,WBI,0.0009174160000000001
2,45,WBI,0.001208001
2,46,WBI,0.00163446
2,47,WBI,0.0017672389999999999
2,48,WBI,0.001912225
2,49,WBI,0.002157492
2,50,WBI,0.002141877
2,51,WBI,0.00206162
2,52,WBI,0.002272255
2,53,WBI,0.002615928
2,54,WBI,0.003241672
2,55,WBI,0.004101942
2,56,WBI,0.0046421859999999995
2,57,WBI,0.005040799
2,58,WBI,0.00533161
2,59,WBI,0.005276037
2,60,WBI,0.005971712
2,61,WBI,0.007184701999999999
2,62,WBI,0.007691698
2,63,WBI,0.007828929
2,64,WBI,0.009265913
2,65,WBI,0.01047291
2,66,WBI,0.010625991999999999
2,67,WBI,0.011647639
2,68,WBI,0.013999445
2,69,WBI,0.017346083999999998
2,70,WBI,0.018258588
2,71,WBI,0.018149976
2,72,WBI,0.019949684
2,73,WBI,0.022482383999999998
2,74,WBI,0.025477383
2,75,WBI,0.026519648
2,76,WBI,0.02799745
2,77,WBI,0.031826718999999996
2,78,WBI,0.035150333
2,79,WBI,0.039597448
2,80,WBI,0.047201707999999995
2,81,WBI,0.052830418
2,82,WBI,0.05913034
2,83,WBI,0.066181516
2,84,WBI,0.07407353
2,85,WBI,0.082906652
2,86,WBI,0.152717333
2,1,WHO,0.00277417
2,2,WHO,0.00017057099999999998
2,3,WHO,0.000133305
2,4,WHO,0.000104454
2,5,WHO,6.4e-05
2,6,WHO,5.05e-05
2,7,WHO,4.5600000000000004e-05
2,8,WHO,5.18e-05
2,9,WHO,5.5100000000000004e-05
2,10,WHO,3.82e-05
2,11,WHO,4.5600000000000004e-05
2,12,WHO,5.9699999999999994e-05
2,13,WHO,5.6399999999999995e-05
2,14,WHO,5.920000000000001e-05
2,15,WHO,0.000104219
2,16,WHO,0.000179664
2,17,WHO,0.000235706
2,18,WHO,0.000236075
2,19,WHO,0.00019094099999999997
2,20,WHO,0.000141306
2,21,WHO,0.000124604
2,22,WHO,0.000127603
2,23,WHO,0.000119816
2,24,WHO,0.000111394
2,25,WHO,0.000138534
2,26,WHO,0.00020126400000000002
2,27,WHO,0.00023329
2,28,WHO,0.000224397
2,29,WHO,0.00024192299999999998
2,30,WHO,0.000275576
2,31,WHO,0.000333791
2,32,WHO,0.000436691
2,33,WHO,0.000482456
2,34,WHO,0.000528335
2,35,WHO,0.000492522
2,36,WHO,0.00040411900000000004
2,37,WHO,0.00037558
2,38,WHO,0.000377644
2,39,WHO,0.000393886
2,40,WHO,0.000518028
2,41,WHO,0.000673705
2,42,WHO,0.000701903
2,43,WHO,0.000833885
2,44,WHO,0.000878158
2,45,WHO,0.001170868
2,46,WHO,0.001575145
2,47,WHO,0.001684542
2,48,WHO,0.001836947
2,49,WHO,0.0020794710000000003
2,50,WHO,0.0020550489999999998
2,51,WHO,0.001969049
2,52,WHO,0.002151496
2,53,WHO,0.002460909
2,54,WHO,0.00304896
2,55,WHO,0.003782998
2,56,WHO,0.0044486840000000005
2,57,WHO,0.0048463609999999996
2,58,WHO,0.0050217529999999995
2,59,WHO,0.005035893
2,60,WHO,0.005622517
2,61,WHO,0.006720145
2,62,WHO,0.007186781
2,63,WHO,0.007339457
2,64,WHO,0.008702801999999999
2,65,WHO,0.009761525
2,66,WHO,0.009853725
2,67,WHO,0.010813203
2,68,WHO,0.012995891
2,69,WHO,0.016052687
2,70,WHO,0.016834269
2,71,WHO,0.016753011
2,72,WHO,0.018504368
2,73,WHO,0.020926532
2,74,WHO,0.023770548
2,75,WHO,0.02482437
2,76,WHO,0.026177705
2,77,WHO,0.029777186
2,78,WHO,0.033049897
2,79,WHO,0.037352212999999995
2,80,WHO,0.044884133
2,81,WHO,0.050263888
2,82,WHO,0.056288455
2,83,WHO,0.063035118
2,84,WHO,0.070590428
2,85,WHO,0.079051307
2,86,WHO,0.129718685
2,1,MIX,0.0029136509999999997
2,2,MIX,0.00017267
2,3,MIX,0.000133295
2,4,MIX,0.00010677299999999999
2,5,MIX,6.409999999999999e-05
2,6,MIX,4.9e-05
2,7,MIX,4.5299999999999997e-05
2,8,MIX,5.11e-05
2,9,MIX,5.3299999999999995e-05
2,10,MIX,3.8799999999999994e-05
2,11,MIX,4.88e-05
2,12,MIX,6.37e-05
2,13,MIX,5.88e-05
2,14,MIX,6.01e-05
2,15,MIX,9.95e-05
2,16,MIX,0.000176502
2,17,MIX,0.00022954
2,18,MIX,0.000231853
2,19,MIX,0.00019804099999999998
2,20,MIX,0.000136979
2,21,MIX,0.00011438799999999999
2,22,MIX,0.000124754
2,23,MIX,0.000123426
2,24,MIX,0.000114466
2,25,MIX,0.00013756
2,26,MIX,0.000194628
2,27,MIX,0.00022624
2,28,MIX,0.000228008
2,29,MIX,0.0002381
2,30,MIX,0.00026593
2,31,MIX,0.00033387300000000005
2,32,MIX,0.00044200800000000003
2,33,MIX,0.000487135
2,34,MIX,0.0005263490000000001
2,35,MIX,0.0005001669999999999
2,36,MIX,0.000418819
2,37,MIX,0.00039414699999999997
2,38,MIX,0.00040569300000000005
2,39,MIX,0.00041396900000000003
2,40,MIX,0.000526496
2,41,MIX,0.000684449
2,42,MIX,0.000726945
2,43,MIX,0.000860482
2,44,MIX,0.0009074069999999999
2,45,MIX,0.001216023
2,46,MIX,0.001647287
2,47,MIX,0.0017474970000000002
2,48,MIX,0.00187146
2,49,MIX,0.002144551
2,50,MIX,0.002141185
2,51,MIX,0.002020113
2,52,MIX,0.002211221
2,53,MIX,0.002560794
2,54,MIX,0.003142087
2,55,MIX,0.0038737409999999996
2,56,MIX,0.004539182
2,57,MIX,0.004964405
2,58,MIX,0.005197811
2,59,MIX,0.0052560390000000005
2,60,MIX,0.005943041
2,61,MIX,0.007149423
2,62,MIX,0.007596133000000001
2,63,MIX,0.00769066
2,64,MIX,0.009151883000000001
2,65,MIX,0.01034151
2,66,MIX,0.010419693
2,67,MIX,0.011373734
2,68,MIX,0.013610906
2,69,MIX,0.016766223
2,70,MIX,0.017614115
2,71,MIX,0.017515193999999998
2,72,MIX,0.019327531000000002
2,73,MIX,0.021846536
2,74,MIX,0.024647615
2,75,MIX,0.025615222000000003
2,76,MIX,0.026851721000000002
2,77,MIX,0.030484646
2,78,MIX,0.033816413
2,79,MIX,0.038134258
2,80,MIX,0.044688844000000005
2,81,MIX,0.050094384000000006
2,82,MIX,0.056153775999999996
2,83,MIX,0.062946108
2,84,MIX,0.070560037
2,85,MIX,0.079094944
2,86,MIX,0.149363603
2,1,IND,0.0031264559999999997
2,2,IND,0.00017334299999999998
2,3,IND,0.000130882
2,4,IND,0.00010800799999999999
2,5,IND,6.59e-05
2,6,IND,4.83e-05
2,7,IND,4.44e-05
2,8,IND,5.07e-05
2,9,IND,5.7499999999999995e-05
2,10,IND,4.29e-05
2,11,IND,4.8599999999999995e-05
2,12,IND,6.69e-05
2,13,IND,6.31e-05
2,14,IND,6.12e-05
2,15,IND,9.470000000000001e-05
2,16,IND,0.000161108
2,17,IND,0.000199022
2,18,IND,0.00020465900000000002
2,19,IND,0.00019265099999999998
2,20,IND,0.000136987
2,21,IND,0.00010803700000000001
2,22,IND,0.00011536700000000001
2,23,IND,0.000119147
2,24,IND,0.00011443899999999999
2,25,IND,0.000130765
2,26,IND,0.00018783099999999998
2,27,IND,0.000231185
2,28,IND,0.000231224
2,29,IND,0.000230837
2,30,IND,0.000260001
2,31,IND,0.000334033
2,32,IND,0.000441965
2,33,IND,0.00047954800000000005
2,34,IND,0.000547133
2,35,IND,0.000539192
2,36,IND,0.000440248
2,37,IND,0.000405998
2,38,IND,0.000397696
2,39,IND,0.000409511
2,40,IND,0.000533798
2,41,IND,0.000686567
2,42,IND,0.000718545
2,43,IND,0.000830953
2,44,IND,0.0008829469999999999
2,45,IND,0.001165445
2,46,IND,0.0015437320000000001
2,47,IND,0.0016394089999999999
2,48,IND,0.0017900379999999999
2,49,IND,0.002087631
2,50,IND,0.002063596
2,51,IND,0.001892617
2,52,IND,0.002076218
2,53,IND,0.0024503470000000003
2,54,IND,0.002951363
2,55,IND,0.0036260959999999997
2,56,IND,0.0043208859999999995
2,57,IND,0.004805737
2,58,IND,0.0051985040000000005
2,59,IND,0.005197918
2,60,IND,0.00589722
2,61,IND,0.0072931459999999995
2,62,IND,0.007785958000000001
2,63,IND,0.007905214
2,64,IND,0.009335794
2,65,IND,0.010447841
2,66,IND,0.010546574
2,67,IND,0.011586522
2,68,IND,0.013910961000000001
2,69,IND,0.017124237
2,70,IND,0.017887514
2,71,IND,0.017748027
2,72,IND,0.019492206
2,73,IND,0.021872917000000002
2,74,IND,0.024688889
2,75,IND,0.025565432000000003
2,76,IND,0.026853755
2,77,IND,0.03042654
2,78,IND,0.033610523999999996
2,79,IND,0.037875521
2,80,IND,0.044638002
2,81,IND,0.049955132
2,82,IND,0.055905620999999996
2,83,IND,0.062564912
2,84,IND,0.070017435
2,85,IND,0.078357678
2,86,IND,0.107601167
2,1,PAK,0.003490288
2,2,PAK,0.000201643
2,3,PAK,0.00013117899999999999
2,4,PAK,0.000103962
2,5,PAK,6.17e-05
2,6,PAK,4.8599999999999995e-05
2,7,PAK,4.6200000000000005e-05
2,8,PAK,4.6299999999999994e-05
2,9,PAK,5.07e-05
2,10,PAK,4.57e-05
2,11,PAK,5.01e-05
2,12,PAK,5.99e-05
2,13,PAK,5.489999999999999e-05
2,14,PAK,5.56e-05
2,15,PAK,9.1e-05
2,16,PAK,0.000151205
2,17,PAK,0.000189116
2,18,PAK,0.000214254
2,19,PAK,0.000209635
2,20,PAK,0.000139809
2,21,PAK,0.000115945
2,22,PAK,0.000116104
2,23,PAK,0.00010944799999999999
2,24,PAK,0.00011405200000000001
2,25,PAK,0.000146008
2,26,PAK,0.000203148
2,27,PAK,0.000241285
2,28,PAK,0.000262563
2,29,PAK,0.000259764
2,30,PAK,0.00028864200000000003
2,31,PAK,0.000360552
2,32,PAK,0.000458868
2,33,PAK,0.00051065
2,34,PAK,0.000541515
2,35,PAK,0.000505809
2,36,PAK,0.00044455300000000004
2,37,PAK,0.000434353
2,38,PAK,0.000444434
2,39,PAK,0.000465811
2,40,PAK,0.0005673480000000001
2,41,PAK,0.0007268839999999999
2,42,PAK,0.000781041
2,43,PAK,0.000888738
2,44,PAK,0.000933425
2,45,PAK,0.001311411
2,46,PAK,0.001819957
2,47,PAK,0.001931245
2,48,PAK,0.0019897120000000003
2,49,PAK,0.00226354
2,50,PAK,0.002288754
2,51,PAK,0.002145238
2,52,PAK,0.002443023
2,53,PAK,0.0029304590000000003
2,54,PAK,0.003549352
2,55,PAK,0.004331944
2,56,PAK,0.005000315
2,57,PAK,0.005347085
2,58,PAK,0.00563186
2,59,PAK,0.005669674
2,60,PAK,0.0064971790000000005
2,61,PAK,0.008030706
2,62,PAK,0.008602366
2,63,PAK,0.008708058000000001
2,64,PAK,0.010286551
2,65,PAK,0.011546222
2,66,PAK,0.01161599
2,67,PAK,0.012733609
2,68,PAK,0.01513925
2,69,PAK,0.018630477
2,70,PAK,0.019568036
2,71,PAK,0.019409733000000002
2,72,PAK,0.021302012000000002
2,73,PAK,0.023965242999999997
2,74,PAK,0.027105978
2,75,PAK,0.0280857
2,76,PAK,0.029509932000000003
2,77,PAK,0.033460464
2,78,PAK,0.036853172999999996
2,79,PAK,0.041458444
2,80,PAK,0.049000445999999996
2,81,PAK,0.054687050999999993
2,82,PAK,0.061033599
2,83,PAK,0.068116678
2,84,PAK,0.076021762
2,85,PAK,0.08484424900000001
2,86,PAK,0.191538092
2,1,BAN,0.003403969
2,2,BAN,0.000174282
2,3,BAN,0.000125014
2,4,BAN,0.00011466200000000001
2,5,BAN,7.240000000000001e-05
2,6,BAN,4.34e-05
2,7,BAN,4.18e-05
2,8,BAN,4.39e-05
2,9,BAN,4.3200000000000007e-05
2,10,BAN,3.48e-05
2,11,BAN,5.01e-05
2,12,BAN,6.12e-05
2,13,BAN,4.72e-05
2,14,BAN,4.8100000000000004e-05
2,15,BAN,0.000111001
2,16,BAN,0.00019030599999999998
2,17,BAN,0.000221151
2,18,BAN,0.000217447
2,19,BAN,0.00019904400000000003
2,20,BAN,0.000149962
2,21,BAN,0.0001072
2,22,BAN,9.97e-05
2,23,BAN,9.73e-05
2,24,BAN,9.340000000000001e-05
2,25,BAN,0.000121375
2,26,BAN,0.000179921
2,27,BAN,0.000213687
2,28,BAN,0.000219284
2,29,BAN,0.00023542
2,30,BAN,0.000263263
2,31,BAN,0.00034264
2,32,BAN,0.000428064
2,33,BAN,0.000460703
2,34,BAN,0.0004961119999999999
2,35,BAN,0.000462216
2,36,BAN,0.000391636
2,37,BAN,0.000372231
2,38,BAN,0.000388335
2,39,BAN,0.000384942
2,40,BAN,0.000487209
2,41,BAN,0.0006586560000000001
2,42,BAN,0.000720339
2,43,BAN,0.000787213
2,44,BAN,0.00087688
2,45,BAN,0.001156528
2,46,BAN,0.001581828
2,47,BAN,0.001841022
2,48,BAN,0.002188204
2,49,BAN,0.002480165
2,50,BAN,0.002231716
2,51,BAN,0.002065612
2,52,BAN,0.002442541
2,53,BAN,0.0026712990000000002
2,54,BAN,0.002948578
2,55,BAN,0.0038655720000000003
2,56,BAN,0.0045934
2,57,BAN,0.00491996
2,58,BAN,0.005266318000000001
2,59,BAN,0.005666674
2,60,BAN,0.006630766999999999
2,61,BAN,0.007873257
2,62,BAN,0.008394793000000001
2,63,BAN,0.008546105
2,64,BAN,0.010018948
2,65,BAN,0.01116826
2,66,BAN,0.011283996000000001
2,67,BAN,0.012446638000000001
2,68,BAN,0.015003942
2,69,BAN,0.018532651
2,70,BAN,0.019408316000000002
2,71,BAN,0.019285855
2,72,BAN,0.021120625
2,73,BAN,0.02368396
2,74,BAN,0.026771559
2,75,BAN,0.027648934
2,76,BAN,0.029082815
2,77,BAN,0.032940621
2,78,BAN,0.03623749
2,79,BAN,0.041060177
2,80,BAN,0.049008758
2,81,BAN,0.054549815
2,82,BAN,0.060717357
2,83,BAN,0.067582218
2,84,BAN,0.075223238
2,85,BAN,0.08372817099999999
2,86,BAN,0.156339449
2,1,CHI,0.002906412
2,2,CHI,0.00016935
2,3,CHI,0.00012774299999999999
2,4,CHI,9.9e-05
2,5,CHI,6.3e-05
2,6,CHI,4.92e-05
2,7,CHI,4.5e-05
2,8,CHI,5e-05
2,9,CHI,5.21e-05
2,10,CHI,3.72e-05
2,11,CHI,4.55e-05
2,12,CHI,5.93e-05
2,13,CHI,5.7499999999999995e-05
2,14,CHI,6.17e-05
2,15,CHI,0.000102859
2,16,CHI,0.000173487
2,17,CHI,0.000227963
2,18,CHI,0.000231836
2,19,CHI,0.000183745
2,20,CHI,0.00012346700000000002
2,21,CHI,0.00010332100000000001
2,22,CHI,0.000111099
2,23,CHI,0.000107909
2,24,CHI,0.000103675
2,25,CHI,0.000134409
2,26,CHI,0.00018498400000000002
2,27,CHI,0.000214242
2,28,CHI,0.000217653
2,29,CHI,0.000239754
2,30,CHI,0.000278218
2,31,CHI,0.00033375900000000004
2,32,CHI,0.000430176
2,33,CHI,0.000486516
2,34,CHI,0.000543519
2,35,CHI,0.000511527
2,36,CHI,0.00042859800000000003
2,37,CHI,0.00040579699999999995
2,38,CHI,0.00041422800000000005
2,39,CHI,0.000430925
2,40,CHI,0.00055001
2,41,CHI,0.00071664
2,42,CHI,0.000757363
2,43,CHI,0.000865584
2,44,CHI,0.000893452
2,45,CHI,0.001209489
2,46,CHI,0.0016377820000000002
2,47,CHI,0.001727025
2,48,CHI,0.0018676329999999998
2,49,CHI,0.0021249579999999997
2,50,CHI,0.002107026
2,51,CHI,0.001994867
2,52,CHI,0.002167908
2,53,CHI,0.002508878
2,54,CHI,0.003112254
2,55,CHI,0.003887817
2,56,CHI,0.004533187
2,57,CHI,0.0049240329999999995
2,58,CHI,0.005198189000000001
2,59,CHI,0.0052683769999999994
2,60,CHI,0.005929265
2,61,CHI,0.007123895999999999
2,62,CHI,0.007616800999999999
2,63,CHI,0.0077924890000000005
2,64,CHI,0.009286075
2,65,CHI,0.01044117
2,66,CHI,0.010494096999999999
2,67,CHI,0.011503263
2,68,CHI,0.013766931999999999
2,69,CHI,0.017099201
2,70,CHI,0.017993883999999998
2,71,CHI,0.017910843
2,72,CHI,0.019866378
2,73,CHI,0.02237228
2,74,CHI,0.025243393
2,75,CHI,0.026099342
2,76,CHI,0.027592018
2,77,CHI,0.03184451
2,78,CHI,0.035263932000000005
2,79,CHI,0.039715058
2,80,CHI,0.04683641400000001
2,81,CHI,0.05238108599999999
2,82,CHI,0.058582155999999996
2,83,CHI,0.065517333
2,84,CHI,0.073273523
2,85,CHI,0.08194792
2,86,CHI,0.127641221
2,1,OAS,0.0030125940000000004
2,2,OAS,0.00017230900000000002
2,3,OAS,0.000132156
2,4,OAS,0.00010807799999999999
2,5,OAS,6.51e-05
2,6,OAS,4.7e-05
2,7,OAS,4.36e-05
2,8,OAS,5.02e-05
2,9,OAS,5.24e-05
2,10,OAS,3.85e-05
2,11,OAS,4.74e-05
2,12,OAS,6.37e-05
2,13,OAS,6.0599999999999996e-05
2,14,OAS,6.0299999999999995e-05
2,15,OAS,0.000103261
2,16,OAS,0.00017922900000000001
2,17,OAS,0.000218763
2,18,OAS,0.000218445
2,19,OAS,0.000198133
2,20,OAS,0.000143593
2,21,OAS,0.00011449600000000001
2,22,OAS,0.000118929
2,23,OAS,0.000115612
2,24,OAS,0.000109692
2,25,OAS,0.000133916
2,26,OAS,0.000188774
2,27,OAS,0.000224292
2,28,OAS,0.000219349
2,29,OAS,0.000223855
2,30,OAS,0.00025764900000000004
2,31,OAS,0.00032329099999999996
2,32,OAS,0.00042605199999999995
2,33,OAS,0.000471606
2,34,OAS,0.000536243
2,35,OAS,0.0005128040000000001
2,36,OAS,0.000415866
2,37,OAS,0.00039014800000000005
2,38,OAS,0.00039259
2,39,OAS,0.000405274
2,40,OAS,0.00052243
2,41,OAS,0.0006762589999999999
2,42,OAS,0.000719292
2,43,OAS,0.000835916
2,44,OAS,0.0008609510000000001
2,45,OAS,0.001132175
2,46,OAS,0.001533743
2,47,OAS,0.001651801
2,48,OAS,0.0017869320000000002
2,49,OAS,0.002045679
2,50,OAS,0.002016049
2,51,OAS,0.0019082510000000001
2,52,OAS,0.0020689479999999997
2,53,OAS,0.002378593
2,54,OAS,0.0029608570000000003
2,55,OAS,0.0036575920000000003
2,56,OAS,0.004263011
2,57,OAS,0.004623125
2,58,OAS,0.004907329
2,59,OAS,0.004973346
2,60,OAS,0.0056134719999999996
2,61,OAS,0.006828703
2,62,OAS,0.007317695999999999
2,63,OAS,0.007452284
2,64,OAS,0.008846207
2,65,OAS,0.009970844
2,66,OAS,0.010063001
2,67,OAS,0.011041422
2,68,OAS,0.013283287
2,69,OAS,0.016379223000000002
2,70,OAS,0.017168666000000003
2,71,OAS,0.017062042
2,72,OAS,0.018698563
2,73,OAS,0.02105408
2,74,OAS,0.02384704
2,75,OAS,0.024770882999999997
2,76,OAS,0.026041772
2,77,OAS,0.029471672
2,78,OAS,0.03272334
2,79,OAS,0.036984374
2,80,OAS,0.043232593
2,81,OAS,0.04848699099999999
2,82,OAS,0.054379998
2,83,OAS,0.060989228
2,84,OAS,0.068401731
2,85,OAS,0.076715133
2,86,OAS,0.163585204
2,1,BLA,0.002999773
2,2,BLA,0.00016462
2,3,BLA,0.000128659
2,4,BLA,0.000101374
2,5,BLA,6.07e-05
2,6,BLA,4.95e-05
2,7,BLA,4.5600000000000004e-05
2,8,BLA,4.83e-05
2,9,BLA,5.28e-05
2,10,BLA,4.14e-05
2,11,BLA,5.01e-05
2,12,BLA,6.61e-05
2,13,BLA,6.31e-05
2,14,BLA,6.2e-05
2,15,BLA,9.97e-05
2,16,BLA,0.000179183
2,17,BLA,0.000226344
2,18,BLA,0.000210747
2,19,BLA,0.000178033
2,20,BLA,0.00013318
2,21,BLA,0.000110809
2,22,BLA,0.000114294
2,23,BLA,0.00010811100000000001
2,24,BLA,9.690000000000001e-05
2,25,BLA,0.000121846
2,26,BLA,0.00017825099999999998
2,27,BLA,0.00021173400000000002
2,28,BLA,0.00021271900000000002
2,29,BLA,0.00022202400000000003
2,30,BLA,0.000254822
2,31,BLA,0.000327493
2,32,BLA,0.00042973
2,33,BLA,0.00045701300000000004
2,34,BLA,0.000491115
2,35,BLA,0.00047709900000000003
2,36,BLA,0.000408149
2,37,BLA,0.00037745300000000003
2,38,BLA,0.000379074
2,39,BLA,0.00039395900000000004
2,40,BLA,0.000531596
2,41,BLA,0.000686604
2,42,BLA,0.000721933
2,43,BLA,0.000857204
2,44,BLA,0.0009028589999999999
2,45,BLA,0.001212415
2,46,BLA,0.0016510670000000002
2,47,BLA,0.001732343
2,48,BLA,0.001868967
2,49,BLA,0.0021785660000000003
2,50,BLA,0.0021599370000000002
2,51,BLA,0.002001787
2,52,BLA,0.0021544620000000002
2,53,BLA,0.002529765
2,54,BLA,0.0031791479999999997
2,55,BLA,0.0038588679999999997
2,56,BLA,0.004544762
2,57,BLA,0.005012707
2,58,BLA,0.0052201109999999995
2,59,BLA,0.005351909
2,60,BLA,0.006095645
2,61,BLA,0.007327213000000001
2,62,BLA,0.007824889
2,63,BLA,0.007991142
2,64,BLA,0.009510306
2,65,BLA,0.010653856000000001
2,66,BLA,0.010722275
2,67,BLA,0.011780838
2,68,BLA,0.014073001000000002
2,69,BLA,0.017298816
2,70,BLA,0.018106142
2,71,BLA,0.01791588
2,72,BLA,0.019549457
2,73,BLA,0.021933353
2,74,BLA,0.024814755
2,75,BLA,0.025754722
2,76,BLA,0.027155712999999998
2,77,BLA,0.030641081
2,78,BLA,0.033668931
2,79,BLA,0.037836612
2,80,BLA,0.044967795
2,81,BLA,0.050274875
2,82,BLA,0.056208296
2,83,BLA,0.062841976
2,84,BLA,0.07025856
2,85,BLA,0.078550446
2,86,BLA,0.168371076
2,1,BLC,0.003280881
2,2,BLC,0.00016522099999999998
2,3,BLC,0.00012318
2,4,BLC,9.719999999999999e-05
2,5,BLC,5.7700000000000007e-05
2,6,BLC,4.46e-05
2,7,BLC,4.35e-05
2,8,BLC,4.8200000000000006e-05
2,9,BLC,5e-05
2,10,BLC,4.04e-05
2,11,BLC,4.98e-05
2,12,BLC,6.36e-05
2,13,BLC,6.159999999999999e-05
2,14,BLC,5.93e-05
2,15,BLC,9.7e-05
2,16,BLC,0.00017637900000000003
2,17,BLC,0.00021215
2,18,BLC,0.000202237
2,19,BLC,0.000179706
2,20,BLC,0.00013317100000000002
2,21,BLC,0.000113911
2,22,BLC,0.00011959299999999999
2,23,BLC,0.000113749
2,24,BLC,9.7e-05
2,25,BLC,0.000113613
2,26,BLC,0.000164535
2,27,BLC,0.00019652599999999998
2,28,BLC,0.000206766
2,29,BLC,0.00021412700000000002
2,30,BLC,0.000231201
2,31,BLC,0.000285392
2,32,BLC,0.00039177699999999995
2,33,BLC,0.000429119
2,34,BLC,0.00046666
2,35,BLC,0.000461634
2,36,BLC,0.000373972
2,37,BLC,0.00034105800000000004
2,38,BLC,0.000369554
2,39,BLC,0.000387417
2,40,BLC,0.000509625
2,41,BLC,0.000654565
2,42,BLC,0.000701887
2,43,BLC,0.0008510289999999999
2,44,BLC,0.000887917
2,45,BLC,0.001223395
2,46,BLC,0.001712242
2,47,BLC,0.00181242
2,48,BLC,0.001910662
2,49,BLC,0.002169824
2,50,BLC,0.0021348770000000003
2,51,BLC,0.001980415
2,52,BLC,0.002156694
2,53,BLC,0.00252033
2,54,BLC,0.003151455
2,55,BLC,0.00383863
2,56,BLC,0.004500148
2,57,BLC,0.0049348840000000005
2,58,BLC,0.00519189
2,59,BLC,0.005403687
2,60,BLC,0.006123049
2,61,BLC,0.007378015999999999
2,62,BLC,0.007877577
2,63,BLC,0.007972805999999999
2,64,BLC,0.009457793
2,65,BLC,0.010600597
2,66,BLC,0.010713695
2,67,BLC,0.011827478999999998
2,68,BLC,0.014206587
2,69,BLC,0.017462173
2,70,BLC,0.018308543
2,71,BLC,0.018177869
2,72,BLC,0.01994106
2,73,BLC,0.022416714
2,74,BLC,0.025233815
2,75,BLC,0.026180607999999998
2,76,BLC,0.027567542999999996
2,77,BLC,0.031225607000000002
2,78,BLC,0.034408369
2,79,BLC,0.038610284
2,80,BLC,0.045207871
2,81,BLC,0.050570987000000005
2,82,BLC,0.056570342999999995
2,83,BLC,0.063281416
2,84,BLC,0.07078864
2,85,BLC,0.079186463
2,86,BLC,0.128026221
2,1,OBL,0.003083844
2,2,OBL,0.000158803
2,3,OBL,0.000124318
2,4,OBL,0.000100692
2,5,OBL,6.159999999999999e-05
2,6,OBL,4.77e-05
2,7,OBL,4.5e-05
2,8,OBL,4.7799999999999996e-05
2,9,OBL,5.08e-05
2,10,OBL,4.0799999999999996e-05
2,11,OBL,4.88e-05
2,12,OBL,6.53e-05
2,13,OBL,6.28e-05
2,14,OBL,5.8299999999999994e-05
2,15,OBL,9.71e-05
2,16,OBL,0.000172472
2,17,OBL,0.00020999599999999997
2,18,OBL,0.00020261900000000002
2,19,OBL,0.000177546
2,20,OBL,0.000130034
2,21,OBL,0.000109561
2,22,OBL,0.00011469
2,23,OBL,0.000107319
2,24,OBL,9.590000000000001e-05
2,25,OBL,0.000114581
2,26,OBL,0.000162998
2,27,OBL,0.00020032
2,28,OBL,0.00020686
2,29,OBL,0.00020381700000000002
2,30,OBL,0.000230255
2,31,OBL,0.00029723200000000003
2,32,OBL,0.00039578
2,33,OBL,0.000429415
2,34,OBL,0.00046738199999999996
2,35,OBL,0.00045430300000000003
2,36,OBL,0.00036853
2,37,OBL,0.000339457
2,38,OBL,0.000362778
2,39,OBL,0.000381521
2,40,OBL,0.000503955
2,41,OBL,0.000652522
2,42,OBL,0.000701322
2,43,OBL,0.0008619330000000001
2,44,OBL,0.000908702
2,45,OBL,0.001236792
2,46,OBL,0.001712561
2,47,OBL,0.0018002629999999999
2,48,OBL,0.001909005
2,49,OBL,0.002198236
2,50,OBL,0.002177526
2,51,OBL,0.002004031
2,52,OBL,0.002154731
2,53,OBL,0.002513467
2,54,OBL,0.0031413590000000003
2,55,OBL,0.0038157829999999997
2,56,OBL,0.004450218
2,57,OBL,0.004873496
2,58,OBL,0.005288197
2,59,OBL,0.005514185
2,60,OBL,0.006090845
2,61,OBL,0.007343868000000001
2,62,OBL,0.007875703000000001
2,63,OBL,0.007950369
2,64,OBL,0.009397375
2,65,OBL,0.010459932
2,66,OBL,0.010616701000000001
2,67,OBL,0.011808583000000001
2,68,OBL,0.014136275
2,69,OBL,0.017395861000000002
2,70,OBL,0.018351503
2,71,OBL,0.018231136000000002
2,72,OBL,0.019850864
2,73,OBL,0.022230976
2,74,OBL,0.024967956
2,75,OBL,0.025959435
2,76,OBL,0.027250464
2,77,OBL,0.030598271
2,78,OBL,0.033699942999999996
2,79,OBL,0.037988548999999996
2,80,OBL,0.044953071
2,81,OBL,0.050293150999999994
2,82,OBL,0.056267591
2,83,OBL,0.062951749
2,84,OBL,0.070429933
2,85,OBL,0.078796468
2,86,OBL,0.13763996
2,1,OTH,0.003015936
2,2,OTH,0.000164617
2,3,OTH,0.000126339
2,4,OTH,0.000101902
2,5,OTH,6.159999999999999e-05
2,6,OTH,4.7499999999999996e-05
2,7,OTH,4.45e-05
2,8,OTH,4.92e-05
2,9,OTH,5.02e-05
2,10,OTH,3.64e-05
2,11,OTH,4.66e-05
2,12,OTH,6.159999999999999e-05
2,13,OTH,5.7100000000000006e-05
2,14,OTH,5.85e-05
2,15,OTH,0.000108355
2,16,OTH,0.00018224700000000002
2,17,OTH,0.000213445
2,18,OTH,0.00020612900000000002
2,19,OTH,0.000179606
2,20,OTH,0.000134919
2,21,OTH,0.00011229399999999999
2,22,OTH,0.000114965
2,23,OTH,0.000111029
2,24,OTH,0.00010283200000000001
2,25,OTH,0.000125749
2,26,OTH,0.00017602900000000002
2,27,OTH,0.000208257
2,28,OTH,0.00020628200000000001
2,29,OTH,0.000210785
2,30,OTH,0.00024675900000000004
2,31,OTH,0.000314541
2,32,OTH,0.00041211199999999996
2,33,OTH,0.000456575
2,34,OTH,0.0005045480000000001
2,35,OTH,0.000477735
2,36,OTH,0.000397654
2,37,OTH,0.00036977300000000005
2,38,OTH,0.000368375
2,39,OTH,0.00038387199999999995
2,40,OTH,0.00050733
2,41,OTH,0.000661036
2,42,OTH,0.000695359
2,43,OTH,0.000839825
2,44,OTH,0.000889621
2,45,OTH,0.001178141
2,46,OTH,0.001581575
2,47,OTH,0.001698043
2,48,OTH,0.001861775
2,49,OTH,0.002087044
2,50,OTH,0.002046129
2,51,OTH,0.0019335370000000001
2,52,OTH,0.002074307
2,53,OTH,0.0024061589999999997
2,54,OTH,0.0029511409999999996
2,55,OTH,0.003645018
2,56,OTH,0.004436376
2,57,OTH,0.0049157540000000005
2,58,OTH,0.005061275
2,59,OTH,0.0050555140000000005
2,60,OTH,0.005744811999999999
2,61,OTH,0.007010466999999999
2,62,OTH,0.0075245419999999995
2,63,OTH,0.007633411
2,64,OTH,0.009030271
2,65,OTH,0.010107726
2,66,OTH,0.010168928
2,67,OTH,0.011231596000000002
2,68,OTH,0.013561353
2,69,OTH,0.016725714
2,70,OTH,0.017449499
2,71,OTH,0.017279532
2,72,OTH,0.018934859
2,73,OTH,0.021298668
2,74,OTH,0.02413159
2,75,OTH,0.025205357999999997
2,76,OTH,0.026636622999999998
2,77,OTH,0.030056075
2,78,OTH,0.033260352
2,79,OTH,0.037507900000000004
2,80,OTH,0.043971421
2,81,OTH,0.049214981
2,82,OTH,0.055083832
2,83,OTH,0.061652538
2,84,OTH,0.069004558
2,85,OTH,0.077233302
2,86,OTH,0.17530733
